"attack_date","session_count","total_commands","avg_commands_per_session","total_file_downloads","total_login_attempts","total_ssh_key_injections","vt_flagged_sessions","dshield_flagged_sessions","avg_duration_seconds","command_count_stddev"
"2025-10-24","140","117","0.83571428571428571429","8","61","5","0","0","11.4611024571428571","4.0136649935401920"
"2025-10-23","123","44","0.35772357723577235772","2","75","2","0","0","8.9255778943089431","2.7938165954238634"
"2025-10-22","293","157","0.53583617747440273038","9","166","7","0","0","9.8588929283276451","3.3335538443745351"
"2025-10-21","1","0","0.00000000000000000000","0","1","0","0","0","120.0011190000000000",NULL
"2025-10-20","590","366","0.62033898305084745763","35","548","18","0","0","4.8183300610169492","3.5250632891050209"
"2025-10-19","75","79","1.0533333333333333","3","53","3","0","0","11.8972022400000000","4.5586073422593551"
"2025-10-18","449","467","1.0400890868596882","29","320","22","0","0","21.6122588106904232","4.5931039138554646"
"2025-10-17","984","824","0.83739837398373983740","53","905","43","0","0","10.9012023831300813","4.0962459229245117"
"2025-10-16","2290","2135","0.93231441048034934498","171","2067","130","0","0","8.0678448864628821","4.2175706824157391"
"2025-10-15","515","721","1.4000000000000000","54","380","34","0","0","10.7755715922330097","5.2069244527656956"
"2025-10-14","875","905","1.0342857142857143","57","705","43","0","0","11.5747015737142857","4.5332450362853993"
"2025-10-13","7548","3453","0.45747217806041335453","260","6607","201","0","0","11.7343274005034446","3.0106332595398235"
"2025-10-12","8304","2275","0.27396435452793834297","148","6502","590","0","0","13.5557723699421965","2.3593707350435318"
"2025-10-11","8329","3933","0.47220554688437987754","259","6967","970","0","0","16.4059217197742826","3.1047168954629456"
"2025-10-10","10010","4760","0.47552447552447552448","272","8616","1085","0","0","12.0278651102897103","3.1491149736148106"
"2025-10-09","7042","2713","0.38525986935529679068","135","5741","670","0","0","14.5463840962794661","2.8478879611546770"
"2025-10-08","9734","4651","0.47780973905896856380","229","8305","1120","0","1045","13.6769344250051366","3.1611842858236416"
"2025-10-07","8180","3252","0.39755501222493887531","166","7021","825","0","883","14.5151956081907090","2.8810028493229797"
"2025-10-06","7270","2911","0.40041265474552957359","134","6099","650","0","1108","14.0832612202200825","2.9025868027469051"
"2025-10-05","7958","4083","0.51306861020356873586","285","6499","1050","0","1050","14.4795813234481025","3.2156409894525670"
"2025-10-04","1174","342","0.29131175468483816014","19","619","85","0","25","16.8913498586030664","2.3208847160545272"
"2025-10-03","4358","492","0.11289582377237264800","44","3860","175","0","59","6.2810433898577329","1.4644792224073981"
"2025-10-02","803","396","0.49315068493150684932","33","449","145","0","38","13.2613915056039851","3.0142455474642215"
"2025-10-01","1101","1305","1.1852861035422343","93","800","250","0","37","7.4631184105358765","4.8172230434025505"
"2025-09-30","907","840","0.92613009922822491731","53","612","168","0","19","9.2949921742006615","4.2680664848944598"
"2025-09-29","494","272","0.55060728744939271255","23","238","52","0","8","12.8826047145748988","3.2088350453874414"
"2025-09-28","753","768","1.0199203187250996","57","575","144","0","15","8.8383816759628154","4.4289156847448137"
"2025-09-27","345","246","0.71304347826086956522","13","179","40","0","19","13.4124810753623188","3.7231954050609453"
"2025-09-26","698","725","1.0386819484240688","47","472","136","0","21","10.3334412664756447","4.5450014461460783"
"2025-09-25","870","883","1.0149425287356322","49","596","160","0","27","12.2657790011494253","4.5185725603208229"
"2025-09-24","958","898","0.93736951983298538622","61","689","160","0","23","8.8856213277661795","4.2704107182322490"
"2025-09-23","613","505","0.82381729200652528548","30","408","84","0","36","10.8877118548123980","3.9973382212982844"
"2025-09-22","767","597","0.77835723598435462842","32","559","108","0","27","9.3066018318122555","3.9869763061030771"
"2025-09-21","991","413","0.41675075681130171544","23","687","76","0","19","8.9378590938446014","2.9639043894387476"
"2025-09-20","9627","3514","0.36501506180533915031","288","8699","688","0","98","10.5042651407499740","2.7084476098898380"
"2025-09-19","10028","4621","0.46080973274830474671","447","8705","1056","0","183","11.9835824959114479","2.9568823629904329"
"2025-09-18","9839","4891","0.49710336416302469763","462","8704","1080","0","195","11.0580017705051326","3.0952827503349523"
"2025-09-17","10643","5840","0.54871746687963919947","525","9481","1128","0","131","8.8903213958470356","3.2755076529673833"
"2025-09-16","11775","9006","0.76484076433121019108","905","10337","1976","0","106","11.7368407161783439","3.8079405748348872"
"2025-09-15","10362","6110","0.58965450685195908126","560","9019","827","0","169","12.0773588650839606","3.3775862802461679"
"2025-09-14","10588","5404","0.51038911975821684926","478","9175","552","0","212","11.9166430097279940","3.1473953961961698"
"2025-09-13","9088","4475","0.49240757042253521127","409","8147","492","0","158","11.6105706606514085","3.0953355629763149"
"2025-09-12","15221","6116","0.40181328427829971750","480","14018","642","0","97","8.4375657836541620","2.8375475469205939"
"2025-09-11","13491","5567","0.41264546734860277222","392","12034","554","0","106","9.9653432916018086","2.8974798318670619"
"2025-09-10","12804","5376","0.41986879100281162137","367","11650","520","0","94","16.8783006358169322","2.9195356853888453"
"2025-09-09","12497","6161","0.49299831959670320877","435","10204","580","0","149","12.3618617284148196","3.1701083350622431"
"2025-09-08","11756","5827","0.49566178972439605308","405","9556","548","0","187","9.2875585260292617","3.1683888826263869"
"2025-09-07","1028","810","0.78793774319066147860","50","799","74","0","27","7.3260493978599222","3.9828955656250052"
"2025-09-06","1109","781","0.70423805229936880072","47","993","70","0","28","8.6800534706943192","3.8042098665324601"
"2025-09-05","1956","543","0.27760736196319018405","38","1702","48","0","27","5.6771393696319018","2.3590993992792650"
"2025-09-04","1557","1282","0.82337829158638407193","89","1185","120","0","28","10.2778980905587669","4.0734286189262370"
"2025-09-03","635","358","0.56377952755905511811","29","346","32","0","63","13.1200169448818898","3.3037992968076204"
"2025-09-02","1045","728","0.69665071770334928230","48","803","78","0","49","10.8536511722488038","3.6631171792451834"
"2025-09-01","828","505","0.60990338164251207729","32","594","44","0","42","10.5378388514492754","3.4722946969169601"
"2025-08-31","667","488","0.73163418290854572714","27","459","44","0","17","11.4367924572713643","3.8890318006487684"
"2025-08-30","427","470","1.1007025761124122","31","283","42","0","10","13.7904346557377049","4.6250668791579100"
"2025-08-29","553","289","0.52260397830018083183","27","350","28","0","23","13.6973004737793852","3.1947555105564058"
"2025-08-28","541","194","0.35859519408502772643","16","267","16","0","19","18.3325494473197782","2.6255272953106591"
"2025-08-27","1010","1013","1.0029702970297030","96","618","100","0","13","15.0605231425742574","4.3450062571573225"
"2025-08-26","857","640","0.74679113185530921820","61","508","58","0","34","17.3612713582263711","3.6926381793842865"
"2025-08-25","842","593","0.70427553444180522565","54","597","56","0","20","10.4737984655581948","3.6774475147354286"
"2025-08-24","503","431","0.85685884691848906561","37","303","38","0","18","14.5971210874751491","4.0168206682440941"
"2025-08-23","1060","1118","1.0547169811320755","99","857","108","0","15","9.5913307632075472","4.4718008927980464"
"2025-08-22","1920","1921","1.0005208333333333","179","1618","186","0","52","9.0237595588541667","4.3550716440834677"
"2025-08-21","350","354","1.0114285714285714","34","189","34","0","6","17.7127408542857143","4.3526345760657414"
"2025-08-20","166","80","0.48192771084337349398","8","145","8","0","5","6.8419071566265060","3.0762489783112141"
"2025-08-19","489","362","0.74028629856850715746","35","426","36","0","3","7.5864870490797546","3.7917123710469404"
"2025-08-16","322","344","1.0683229813664596","36","300","36","0","5","6.1820851211180124","4.4799647078083695"
"2025-08-15","264","286","1.0833333333333333","25","250","28","0","0","4.2965320151515152","4.5905203473646726"
"2025-08-14","58","64","1.1034482758620690","4","48","6","0","2","5.5704579655172414","4.7708532289691533"
"2025-08-13","1144","885","0.77360139860139860140","89","931","92","0","17","6.8936331101398601","3.8466177167059027"
"2025-08-12","2809","1876","0.66785332858668565326","178","2491","184","0","17","5.5396937707369171","3.6011585641458307"
"2025-08-11","2113","1769","0.83719829626123994321","172","1818","178","0","28","7.2068484761003313","4.0033127980287441"
"2025-08-10","1103","720","0.65276518585675430644","62","979","66","0","14","7.5951714043517679","3.5312975906155828"
"2025-08-09","1703","1226","0.71990604815032295948","115","1390","120","0","16","7.0934155149735760","3.7186128834959177"
"2025-08-08","1761","1174","0.66666666666666666667","107","1521","112","0","17","6.0818825848949461","3.5952409621272363"
"2025-08-07","1790","1313","0.73351955307262569832","119","1579","126","0","23","5.8851739156424581","3.7629514618449478"
"2025-08-06","2152","1884","0.87546468401486988848","169","1983","180","0","12","4.8018997890334572","4.0855919541327868"
"2025-08-05","1924","1687","0.87681912681912681913","155","1705","166","0","19","6.2204989324324324","4.0977275219349261"
"2025-08-04","1901","1731","0.91057338243029984219","155","1640","188","0","22","5.8576454339821147","4.1658257205765879"
"2025-08-03","1846","2000","1.0834236186348862","174","1545","194","0","46","6.9523606868905742","4.5542292660165735"
"2025-08-02","2125","1839","0.86541176470588235294","164","1923","182","0","16","4.9730343289411765","4.1082061419388130"
"2025-08-01","1597","1643","1.0288040075140889","163","1375","166","0","11","6.5683849668127740","4.4118116562257043"
"2025-07-31","2443","1782","0.72943102742529676627","179","2159","254","0","18","6.1982436606631191","3.6651486271503949"
"2025-07-30","2587","2822","1.0908388094317743","264","2739","286","0","8","5.4150007603401624","4.5596354754413367"
"2025-07-27","287","522","1.8188153310104530","51","242","52","0","4","7.3880099825783972","5.7738796925066219"
"2025-07-26","613","640","1.0440456769983687","40","576","60","0","2","5.1381227911908646","4.6109791480544082"
"2025-07-20","2315","1755","0.75809935205183585313","172","2108","192","0","23","5.5253112280777538","3.7650611198825991"
"2025-07-19","2296","1896","0.82578397212543554007","192","2086","248","0","17","5.3912272382404181","3.8917998585400737"
"2025-07-18","2416","2952","1.2218543046357616","285","2222","294","0","14","6.5442030736754967","4.8000640994993362"
"2025-07-17","1748","1590","0.90961098398169336384","143","1520","150","0","20","6.4431059696796339","4.1513798325039053"
"2025-07-16","2033","1648","0.81062469257255287752","154","1710","162","0","47","6.3998430034431874","3.9562127525980084"
"2025-07-15","1536","1415","0.92122395833333333333","115","1373","136","0","8","5.8828870305989583","4.2579275057558847"
"2025-07-10","757","179","0.23645970937912813738","27","743","20","0","0","6.2765279379128137","1.9247324118356855"
"2025-07-09","21070","11734","0.55690555291884195539","1091","18782","610","0","105","7.4660993367821547","3.2850213165474104"
"2025-07-07","33","45","1.3636363636363636","3","21","4","0","0","15.9852029090909091","5.0979050955893994"
"2025-07-05","846","363","0.42907801418439716312","33","452","38","0","62","11.0773409751773050","2.8495291173027674"
"2025-07-04","877","323","0.36830102622576966933","34","499","46","0","21","10.5156856670467503","2.5991829521733957"
"2025-07-03","921","278","0.30184581976112920738","25","502","26","0","95","8.4285443745928339","2.4348214071874486"
"2025-07-02","707","354","0.50070721357850070721","24","386","30","0","92","10.6580512390381895","3.1059546315684472"
"2025-07-01","1908","783","0.41037735849056603774","74","1435","78","0","44","8.8305982693920335","2.8118479693575582"
"2025-06-30","849","262","0.30859835100117785630","31","515","44","0","6","11.3036715441696113","2.2853995233167707"
"2025-06-29","845","511","0.60473372781065088757","33","579","44","0","39","7.2715337763313609","3.4620455739045907"
"2025-06-28","877","736","0.83922462941847206385","45","558","68","0","22","10.8602573363740023","4.0989934549008053"
"2025-06-27","833","426","0.51140456182472989196","32","555","38","0","25","7.8832901416566627","3.0603194074796298"
"2025-06-26","804","377","0.46890547263681592040","32","551","54","0","15","10.6940643134328358","3.0213484154581432"
"2025-06-25","662","368","0.55589123867069486405","26","409","32","0","47","11.5896342401812689","3.3075881272644197"
"2025-06-24","864","344","0.39814814814814814815","22","591","30","0","39","8.3759146168981481","2.8224881237336776"
"2025-06-23","1344","768","0.57142857142857142857","55","985","70","0","69","6.2017341488095238","3.3731830670494864"
"2025-06-22","1077","590","0.54781801299907149489","31","762","50","0","103","8.2178895831012071","3.3323896797947217"
"2025-06-21","933","740","0.79314040728831725616","40","657","66","0","34","8.2001038606645230","4.0383191509622651"
"2025-06-20","1085","550","0.50691244239631336406","28","780","48","0","36","7.6084829013824885","3.2356977604435090"
"2025-06-19","790","283","0.35822784810126582278","14","427","24","0","62","10.6054771139240506","2.7013636698508478"
"2025-06-18","2441","194","0.07947562474395739451","11","2102","14","0","12","4.0086874731667349","1.2361663585058060"
"2025-06-17","1003","542","0.54037886340977068794","30","667","48","0","56","8.9365713748753739","3.3368915124857903"
"2025-06-16","497","201","0.40442655935613682093","11","237","18","0","23","12.8824595935613682","2.8651515264106327"
"2025-06-15","617","163","0.26418152350081037277","9","197","14","0","113","14.3625073144246353","2.3306046856474740"
"2025-06-14","993","482","0.48539778449144008056","24","621","42","0","55","8.0848186233635448","3.1775482325269917"
"2025-06-13","1403","801","0.57091945830363506771","52","1108","94","0","84","8.0793064789736279","3.4119966997702493"
"2025-06-12","1353","616","0.45528455284552845528","28","1004","75","0","73","10.4473614693274205","3.0330458936656753"
"2025-06-11","1383","604","0.43673174258857556038","31","1078","78","0","39","6.2533986341287057","2.9966471890910819"
"2025-06-10","1763","1263","0.71639251276233692569","77","1510","177","0","115","6.1091230657969370","3.8418063123249076"
"2025-06-09","2622","473","0.18039664378337147216","45","982","96","0","83","16.6156038764302059","1.8708462715168244"
"2025-06-08","2714","1076","0.39646278555637435520","72","2394","141","0","79","5.1967475276344878","2.9116114151923275"
"2025-06-07","1317","631","0.47911921032649962035","35","1002","84","0","32","6.5317253340926348","3.1338765454853911"
"2025-06-06","1470","694","0.47210884353741496599","39","986","93","0","39","8.4078492612244898","3.1376798804837958"
"2025-06-05","1347","707","0.52487008166295471418","50","1054","99","0","69","5.6829776510764662","3.2737776721782916"
"2025-06-04","1510","940","0.62251655629139072848","63","1234","132","0","91","6.0586312741721854","3.5542593789695163"
"2025-06-03","1665","1192","0.71591591591591591592","70","1350","162","0","57","5.8709427975975976","3.8184953040636815"
"2025-06-02","1991","1410","0.70818684078352586640","82","1441","192","0","141","8.4574869181315922","3.7940350270099651"
"2025-06-01","1541","1097","0.71187540558079169371","59","1055","144","0","57","15.8969268053212200","3.8199810192020003"
"2025-05-31","3388","1769","0.52213695395513577332","104","3050","243","0","206","4.8412787122195986","3.2952059068953069"
"2025-05-30","1216","848","0.69736842105263157895","42","887","108","0","36","6.9109458733552632","3.7570927797317220"
"2025-05-29","8530","2769","0.32461899179366940211","197","7300","204","0","25","10.7000113726846424","2.5479371698067975"
"2025-05-28","985","521","0.52893401015228426396","29","679","63","0","36","8.6625298304568528","3.1608995485473385"
"2025-05-27","1161","483","0.41602067183462532300","27","798","60","0","65","7.5368401662360034","2.8387803985684495"
"2025-05-26","826","501","0.60653753026634382567","29","656","69","0","11","6.4357328571428571","3.5139763710311897"
"2025-05-25","1051","952","0.90580399619410085633","68","871","135","0","61","5.6939263510941960","4.2394602751297320"
"2025-05-24","622","411","0.66077170418006430868","33","479","57","0","47","5.6104525144694534","3.5926707529946994"
"2025-05-23","817","618","0.75642594859241126071","41","684","84","0","13","4.3671317209302326","3.8812850301172317"
"2025-05-22","871","625","0.71756601607347876005","42","1001","84","0","43","5.3359048783008037","3.7285048681303008"
"2025-05-21","775","508","0.65548387096774193548","38","535","72","0","5","6.1830029741935484","3.5902923580776516"
"2025-05-20","667","534","0.80059970014992503748","41","543","75","0","75","5.5043573853073463","3.9861772727049332"
"2025-05-19","850","676","0.79529411764705882353","43","677","93","0","115","6.0070068682352941","3.9687206295207100"
"2025-05-18","576","442","0.76736111111111111111","32","408","60","0","44","7.0737474513888889","3.8832586918247991"
"2025-05-17","577","574","0.99480069324090121317","37","375","78","0","18","8.9768051611785095","4.4446801070055233"
"2025-05-16","748","484","0.64705882352941176471","65","554","189","0","20","5.2955763008021390","3.1433454346127614"
"2025-05-15","644","516","0.80124223602484472050","44","464","111","0","72","5.7040503152173913","3.9005042155638924"
"2025-05-14","686","748","1.0903790087463557","49","499","102","0","35","7.4134380743440233","4.6617556452004994"
"2025-05-13","643","555","0.86314152410575427683","37","462","78","0","11","9.4409009533437014","4.1610784558905881"
"2025-05-12","1361","1447","1.0631888317413666","83","1230","198","0","78","4.6413698398236591","4.6138032799663359"
"2025-05-11","1197","2036","1.7009189640768588","130","1054","285","0","37","4.7243863216374269","5.7654060725637339"
"2025-05-10","1550","1858","1.1987096774193548","116","1353","252","0","56","5.0192400980645161","4.9763026180606223"
"2025-05-09","136","128","0.94117647058823529412","8","104","18","0","12","5.7170813455882353","4.4016237843547944"
"2025-05-07","1583","1453","0.91787744788376500316","97","1408","237","0","112","4.9432407605811750","4.2376707509332711"
"2025-05-06","1067","1004","0.94095595126522961575","57","938","120","0","27","5.2625072530459231","4.5617794067083922"
"2025-05-05","1335","514","0.38501872659176029963","44","1192","93","0","15","5.5729111617977528","2.7414991103797152"
"2025-05-04","930","1003","1.0784946236559140","66","829","123","0","54","4.9393267881720430","4.8600732554018188"
"2025-05-03","1482","1284","0.86639676113360323887","114","1359","297","0","92","4.1657748589743590","3.9862649532257177"
"2025-05-02","984","958","0.97357723577235772358","64","871","156","0","18","4.2055135182926829","4.3329527061512828"
"2025-05-01","1146","1215","1.0602094240837696","88","988","180","0","53","4.6883101605584642","4.7188968392712332"
"2025-04-30","1316","1072","0.81458966565349544073","106","1172","303","0","93","4.3641911869300912","3.7926043579957767"
"2025-04-29","676","631","0.93343195266272189349","40","441","87","0","97","9.4898750428994083","4.2947003410094171"
"2025-04-27","134","194","1.4477611940298507","11","119","27","0","0","4.2225489402985075","5.4200507227589454"
"2025-04-25","985","949","0.96345177664974619289","68","790","135","0","67","5.7009695573604061","4.3894140329666167"
"2025-04-24","1013","1051","1.0375123395853899","57","868","138","0","33","5.1247955054294176","4.7274087834066760"
"2025-04-23","1249","1301","1.0416333066453163","87","980","171","0","78","7.3161068887109688","4.6177468306210001"
"2025-04-22","1327","1603","1.2079879427279578","104","1154","219","0","25","5.1488436797287114","4.8696891888738241"
"2025-04-21","1378","816","0.59216255442670537010","52","950","111","0","3","7.1585733904208999","3.4604094858025054"
"2025-04-20","1009","677","0.67096134786917740337","42","756","78","0","4","8.3591085332011893","3.7520839669088816"
"2025-04-19","695","350","0.50359712230215827338","20","488","36","0","4","7.4944319496402878","3.3364939162266793"
"2025-04-18","1433","976","0.68108862526168876483","59","828","54","0","2","12.0967599141660851","3.8944934537106140"
"2025-04-17","2137","1967","0.92044922788956481048","108","1707","71","0","34","6.5530109181094993","4.7638265337638721"
"2025-04-16","1263","1678","1.3285827395091053","85","1005","52","0","84","5.9912689738717340","5.7576957501341020"
"2025-04-15","1176","1284","1.0918367346938776","72","980","37","0","150","6.8508538690476190","5.4612041095038903"
"2025-04-14","1207","914","0.75724937862468931234","53","784","26","0","45","7.0033169030654515","4.4921041902801556"
"2025-04-13","1135","586","0.51629955947136563877","43","715","28","0","82","8.7927816889867841","3.2317113231181128"
"2025-04-12","2971","1223","0.41164591046785594076","120","2703","80","0","81","3.7655954146751935","2.7681179746745685"
"2025-04-11","1026","655","0.63840155945419103314","65","746","41","0","15","6.0277416881091618","3.4936663219781587"
"2025-04-10","646","357","0.55263157894736842105","33","377","20","0","7","8.8144732708978328","3.2373092775681985"
"2025-04-09","553","484","0.87522603978300180832","35","363","19","0","33","8.3789786437613020","4.3197370166080753"
"2025-04-08","561","331","0.59001782531194295900","22","318","15","0","20","9.1513002210338681","3.4666019023939987"
"2025-04-07","609","507","0.83251231527093596059","28","333","21","0","31","9.7720773678160920","4.0161917874951489"
"2025-04-06","1038","702","0.67630057803468208092","61","671","43","0","30","7.5498458294797688","3.5999620958868762"
"2025-04-05","886","552","0.62302483069977426637","34","400","23","0","9","12.8901565823927765","3.4621586769626093"
"2025-04-04","952","551","0.57878151260504201681","31","367","22","0","72","11.0634481428571429","3.3285072402704377"
"2025-04-03","767","662","0.86310299869621903520","46","379","29","0","16","13.5923034745762712","4.0590655098356334"
"2025-04-02","582","481","0.82646048109965635739","32","414","23","0","46","8.2127043986254296","3.9847973812594315"
"2025-04-01","4947","541","0.10935920760056599960","46","4501","33","0","38","4.3105833555690317","1.5407811671591786"
"2025-03-31","930","552","0.59354838709677419355","33","712","24","0","20","6.8748132612903226","3.4241530016346267"
"2025-03-30","374","227","0.60695187165775401070","11","178","1","0","18","13.0681569518716578","4.4188306306589270"
"2025-03-29","721","274","0.38002773925104022191","18","433","10","0","7","8.2470173231622746","3.0381537703945794"
"2025-03-28","674","269","0.39910979228486646884","9","292","5","0","13","11.6022924109792285","3.2323677523744799"
"2025-03-27","1085","165","0.15207373271889400922","6","662","6","0","12","9.8739174488479263","1.7298944772174829"
"2025-03-26","1009","229","0.22695738354806739346","16","509","5","0","33","15.8828745797819623","2.5430864026916294"
"2025-03-25","543","310","0.57090239410681399632","12","128","5","0","27","18.3934518784530387","4.1215436728139952"
"2025-03-24","666","226","0.33933933933933933934","6","507","2","0","35","8.1023089594594595","2.9834907418123765"
"2025-03-23","772","277","0.35880829015544041451","12","483","7","0","12","8.2689577823834197","3.1911864082380306"
"2025-03-22","1508","439","0.29111405835543766578","18","1090","14","0","25","6.4170917798408488","2.5382542277072571"
"2025-03-21","555","131","0.23603603603603603604","5","253","2","0","14","9.4496867819819820","2.5099366710261588"
"2025-03-20","720","244","0.33888888888888888889","9","518","7","0","18","6.0892145847222222","2.8551763769352421"
"2025-03-19","747","229","0.30655957161981258367","12","528","7","0","8","7.5334370749665328","2.5609979042452069"
"2025-03-18","1939","425","0.21918514698298091800","28","1770","12","0","32","4.0004614724084580","2.3033432775304247"
"2025-03-17","660","369","0.55909090909090909091","27","460","12","0","47","7.2676169318181818","3.6812891649326411"
"2025-03-16","26219","15047","0.57389679240245623403","3637","25849","3610","0","1018","3.2408076251191884","2.2233373309518778"
"2025-03-15","62664","94027","1.5004947019022086","11789","62082","9841","0","2186","3.9585770709338695","4.8824033640148712"
"2025-03-14","64035","66558","1.03940032794565472007","9287","63267","8968","0","2842","3.5099177122511127","3.9359657147359804"
"2025-03-13","62998","96760","1.5359217752944538","11137","62163","9588","0","2155","4.1759543483443919","5.0241574125697735"
"2025-03-12","54115","58481","1.08068003326249653516","7803","53033","7027","0","1799","3.9019869529520466","4.0963823048045264"
"2025-03-11","43394","34555","0.79630824537954555929","6630","42445","6118","0","1364","3.5834891199244135","3.0872388073444177"
"2025-03-10","46473","43413","0.93415531598992963656","7195","45693","6485","0","1044","3.7157300256062660","3.5698599245541185"
"2025-03-09","44318","38920","0.87819847466040886322","6473","43090","6048","0","1150","3.8813856338282413","3.4319909121657998"
"2025-03-08","37862","36597","0.96658919233004067403","5086","37169","4674","0","1265","3.7214421392161006","3.8308740350589413"
"2025-03-07","37589","42766","1.1377264625289313","5475","36395","4708","0","1336","4.1875299974992684","4.2557574511493097"
"2025-03-06","44437","49713","1.11872988725611539933","6316","43846","5511","0","1937","3.6411466717375160","4.2288790978916030"
"2025-03-05","42373","60180","1.4202440233167347","7023","41769","5817","0","1463","3.9061149485285441","4.8381032788721930"
"2025-03-04","43206","35812","0.82886636115354348933","5804","42476","5372","0","1220","3.5746958442345970","3.3848428216890786"
"2025-03-03","39890","34241","0.85838556029079969917","4847","39235","7643","0","713","3.6412106704186513","3.6310484054888889"
"2025-03-02","41884","42986","1.02631076305987966765","5804","40983","10148","0","1183","3.8620532385397765","3.9996627533114009"
"2025-03-01","45101","77852","1.7261701514378839","7474","44349","11588","0","1501","4.1919907712467573","5.5164503058731147"
"2025-02-28","46987","64744","1.3779130397769596","7469","46196","12908","0","776","4.0643056759529231","4.7729765377884289"
"2025-02-27","45455","49718","1.09378506214937850621","7540","44779","17108","0","958","3.7025716511274887","3.9295597172502819"
"2025-02-26","43442","66825","1.5382579070945168","7905","42498","20532","0","1626","4.2374750018645550","4.9887581439516743"
"2025-02-25","37239","51027","1.3702569886409409","7228","36631","18825","0","959","3.9773259923198797","4.5156895586073352"
"2025-02-24","41580","45487","1.09396344396344396344","7432","40994","20529","0","1233","3.7599186249639250","3.8439455988304147"
"2025-02-23","39461","43823","1.1105395200324371","6972","38911","19320","0","0","3.5586445235802438","3.9190032641256545"
"2025-02-22","42088","43035","1.02250047519482988025","7502","41611","20847","0","0","3.4055401755607299","3.6212692120520492"
"2025-02-21","15300","13680","0.89411764705882352941","2618","14975","7395","0","0","3.8219076987581699","3.2891512017089552"
"2025-02-20","572","326","0.56993006993006993007","15","277","24","0","0","19.1248607080419580","3.8204452288201576"
"2025-02-19","485","301","0.62061855670103092784","12","175","30","0","0","14.4436563773195876","3.8537825720277545"
"2025-02-18","570","284","0.49824561403508771930","9","243","21","0","0","24.6613240649122807","3.3460356748634288"
"2025-02-17","609","516","0.84729064039408866995","22","280","21","0","0","13.8820532446633826","5.0479278626489551"
"2025-02-16","733","119","0.16234652114597544338","4","135","8","0","0","23.1074454815825375","1.7523133671206349"
"2025-02-15","709","158","0.22284908321579689704","6","223","6","0","0","18.1801593215796897","2.3622471600725973"
"2025-02-14","1291","269","0.20836560805577072037","10","488","16","0","0","21.7491413508907823","2.2278974082250662"
"2025-02-13","720","350","0.48611111111111111111","14","436","28","0","0","10.5186280166666667","3.1472577000863130"
"2025-02-12","548","365","0.66605839416058394161","21","240","22","0","0","15.8314016332116788","4.0580541905904277"
"2025-02-11","943","272","0.28844114528101802757","13","684","16","0","0","9.8080645715800636","2.6007397299160613"
"2025-02-10","4","0","0.00000000000000000000","0","1","0","0","0","1.02257225000000000000","0"
"2025-02-06","551","135","0.24500907441016333938","6","142","12","0","0","17.7549887949183303","2.0967176837552668"
"2025-02-05","586","401","0.68430034129692832765","17","248","30","0","0","15.1109090511945392","3.8817115713710779"
"2025-02-04","699","447","0.63948497854077253219","27","256","12","0","0","19.6808758340486409","4.4165536186236938"
"2025-02-03","511","196","0.38356164383561643836","14","89","4","0","0","18.3731860332681018","3.2740278957835801"
"2025-02-02","535","276","0.51588785046728971963","13","258","14","0","0","14.7143309626168224","3.3835952980457018"
"2025-02-01","528","83","0.15719696969696969697","12","226","8","0","0","10.7556199905303030","1.6598579369923477"
"2025-01-31","484","137","0.28305785123966942149","5","155","10","0","0","11.0149910888429752","2.3609228440877376"
"2025-01-30","818","421","0.51466992665036674817","28","302","36","0","0","16.9491209376528117","3.3198199286230107"
"2025-01-29","524","387","0.73854961832061068702","22","310","26","0","0","8.3593510133587786","4.4749528764110221"
"2025-01-28","775","578","0.74580645161290322581","28","559","30","0","0","6.6851226490322581","4.3053544979097251"
"2025-01-27","240","323","1.3458333333333333","16","119","14","0","0","13.2064413750000000","5.7326400970727482"
"2025-01-26","442","422","0.95475113122171945701","19","286","14","0","0","13.0150749909502262","5.2612249124749688"
"2025-01-25","416","378","0.90865384615384615385","24","273","18","0","0","8.6642570889423077","5.0215268753046476"
"2025-01-24","769","509","0.66189856957087126138","31","407","30","0","0","14.2954098907672302","4.1410819131687642"
"2025-01-23","1225","1024","0.83591836734693877551","54","995","42","0","0","8.2751596089795918","4.8651773499971650"
"2025-01-22","734","536","0.73024523160762942779","39","470","30","0","0","10.9210572765667575","4.4658150621106673"
"2025-01-21","972","960","0.98765432098765432099","54","661","46","0","0","8.7151713045267490","5.2981013885377267"
"2025-01-20","745","692","0.92885906040268456376","51","532","34","0","0","9.1287956832214765","5.1338573513523009"
"2025-01-19","456","478","1.0482456140350877","21","281","16","0","0","9.7068183311403509","5.6550937063370797"
"2025-01-18","363","409","1.1267217630853994","17","159","14","0","0","13.0735238457300275","5.7498908946886464"
"2025-01-17","602","473","0.78571428571428571429","22","445","28","0","0","8.9420391063122924","4.5670011392326494"
"2025-01-16","591","420","0.71065989847715736041","18","362","22","0","0","11.6630163231810491","4.4400952124925555"
"2025-01-15","785","589","0.75031847133757961783","34","529","36","0","0","7.9822822942675159","4.5035505296306420"
"2025-01-14","597","447","0.74874371859296482412","22","376","28","0","0","7.6367051507537688","4.2069596296077332"
"2025-01-13","689","662","0.96081277213352685051","41","512","38","0","0","8.8473788998548621","4.9211725100147635"
"2025-01-12","702","381","0.54273504273504273504","21","503","28","0","0","7.8762156168091168","3.1541965227780600"
"2025-01-11","873","652","0.74684994272623138603","37","663","34","0","0","9.6812152210767468","4.6153729258488774"
"2025-01-10","844","294","0.34834123222748815166","16","442","10","0","0","10.4886077950236967","3.2422162794908355"
"2025-01-09","649","289","0.44530046224961479199","11","365","12","0","0","11.9008638027734977","3.4422726500883224"
"2025-01-08","750","527","0.70266666666666666667","44","534","26","0","0","9.3651497546666667","4.4341638032140702"
"2025-01-07","1072","593","0.55317164179104477612","36","662","46","0","0","7.4874543264925373","3.4510001008405931"
"2025-01-06","827","520","0.62877871825876662636","22","512","24","0","0","9.7663083615477630","3.9664200450756009"
"2025-01-05","667","653","0.97901049475262368816","30","446","18","0","0","12.0447849370314843","5.3389196738360354"
"2025-01-04","675","498","0.73777777777777777778","30","433","22","0","0","9.9484743911111111","4.5184400728994712"
"2025-01-03","946","784","0.82875264270613107822","38","645","44","0","0","8.3209646585623679","4.6920238442086628"
"2025-01-02","537","574","1.0689013035381750","28","290","12","0","0","12.8559380744878957","5.7640889449453185"
"2025-01-01","1298","620","0.47765793528505392912","44","1017","26","0","0","6.9402725554699538","3.7539855027780880"
"2024-12-31","409","554","1.3545232273838631","28","208","14","0","0","12.9725315378973105","6.3074019176719905"
"2024-12-30","644","590","0.91614906832298136646","41","380","28","0","0","8.4613743711180124","5.0489781621266794"
"2024-12-29","276","172","0.62318840579710144928","7","61","2","0","0","13.1233848405797101","4.3202742312803577"
"2024-12-28","223","83","0.37219730941704035874","9","50","2","0","0","17.9057915560538117","3.3166978743507009"
"2024-12-27","268","386","1.4402985074626866","14","58","0","0","0","19.1959189291044776","7.0450781757422580"
"2024-12-26","180","211","1.1722222222222222","10","37","0","0","0","17.0731872111111111","6.1922916178962098"
"2024-12-25","260","327","1.2576923076923077","11","56","0","0","0","16.0849952000000000","6.5641281551915512"
"2024-12-24","138","36","0.26086956521739130435","0","14","0","0","0","15.3884514202898551","1.7312260868772978"
"2024-12-03","845","592","0.70059171597633136095","48","618","0","0","0","10.6365190094674556","3.6290118679344407"
"2024-12-02","1200","757","0.63083333333333333333","49","1022","0","0","0","6.9896932408333333","3.5810011095145134"
"2024-12-01","575","187","0.32521739130434782609","16","397","0","0","0","12.7630357808695652","2.4602003926148884"
"2024-11-30","489","24","0.04907975460122699387","4","326","0","0","0","12.5228329591002045","0.42662919624093421588"
"2024-11-29","681","14","0.02055800293685756241","3","496","0","0","0","8.1015781336270191","0.28104894894704937827"
"2024-11-28","664","4","0.00602409638554216867","1","492","0","0","0","8.4223976762048193","0.07743925381133561452"
"2024-11-27","746","19","0.02546916890080428954","0","523","0","0","0","10.6482103056300268","0.48399357390886933041"
"2024-11-26","627","6","0.00956937799043062201","1","422","0","0","0","12.6803097384370016","0.09743174666851488694"
"2024-11-25","635","18","0.02834645669291338583","1","445","0","0","0","11.7109514850393701","0.45885910461239641424"
"2024-11-24","540","19","0.03518518518518518519","4","369","0","0","0","9.3566073796296296","0.42275595814981907803"
"2024-11-23","506","23","0.04545454545454545455","1","321","0","0","0","11.1808065415019763","0.80586285526393969348"
"2024-11-22","421","13","0.03087885985748218527","3","238","0","0","0","15.4589749904988124","0.24200833723267789811"
"2024-11-21","219","42","0.19178082191780821918","1","93","0","0","0","12.1868941506849315","1.3476878015535357"
"2024-11-20","267","9","0.03370786516853932584","0","154","0","0","0","7.5644593745318352","0.18081508451324138435"
"2024-11-19","225","19","0.08444444444444444444","2","126","0","0","0","11.1502494622222222","0.39751210423818922482"
"2024-11-18","237","25","0.10548523206751054852","2","141","0","0","0","10.3887469915611814","1.4326147559535673"
"2024-11-17","35","105","3.0000000000000000","5","34","0","0","0","4.5457501428571429","7.4715145326610124"
"2024-11-16","1725","3103","1.7988405797101449","256","1581","0","0","0","8.5971983820289855","5.8236455801241799"
"2024-11-15","1282","440","0.34321372854914196568","21","1128","0","0","0","15.2189970998439938","2.7273996387712200"
"2024-11-14","5544","3981","0.71807359307359307359","352","5042","0","0","0","10.1930632711038961","3.7490836940761203"
"2024-11-13","6077","3992","0.65690307717623827546","399","5513","0","0","0","10.3190248660523285","3.5542824107755510"
"2024-11-12","4878","3096","0.63468634686346863469","336","4448","0","0","0","10.0085646760967610","3.4551228505313426"
"2024-11-11","4855","4200","0.86508753861997940268","345","4366","0","0","0","11.6176587349124614","4.1300109676453708"
"2024-11-10","4470","4520","1.0111856823266219","316","3928","0","0","0","13.3895664239373602","4.5012477004236482"
"2024-11-09","5546","6489","1.1700324558240173","471","5045","0","0","0","11.0008071779661017","4.8120426665539270"
"2024-11-08","5972","6918","1.1584058941728064","458","5507","0","0","0","8.6827180750167448","4.8195741266252206"
"2024-11-07","6316","8270","1.3093730208993034","555","5717","0","0","0","10.2652208253641545","5.0840829521475300"
"2024-11-06","8105","12603","1.5549660703269587","659","7442","0","0","0","9.6298892861196792","5.5763984321243830"
"2024-11-05","5731","7188","1.2542313732332926","426","5129","0","0","0","10.7075636021636713","4.9856090437761002"
"2024-11-04","7112","10086","1.4181664791901012","483","6481","0","0","0","9.9636315721316085","5.3751457076317011"
"2024-11-03","9345","11034","1.1807383627608347","591","8658","0","0","0","8.9955005307651150","4.8938620535258419"
"2024-11-02","4788","6281","1.3118212197159566","324","4383","0","0","0","8.6987593462823726","5.1456222795720661"
"2024-11-01","1539","2818","1.8310591293047433","130","1249","0","0","0","13.0849079259259259","6.0615651249806610"
