"attack_date","session_count","avg_commands","stddev_commands","avg_login_attempts","avg_file_downloads","avg_ssh_injections","vt_flagged_ratio","dshield_flagged_ratio","download_ratio","ssh_injection_ratio","avg_duration_seconds","stddev_duration_seconds","avg_risk_score","max_risk_score"
"2025-10-24","140","0.83571428571428571429","4.0136649935401920","0.43571428571428571429","0.05714285714285714286","0.03571428571428571429","0","0","0.03571428571428571","0.03571428571428571","11.4611024571428571","15.6353329546274108","4.2857142857142857",100
"2025-10-23","123","0.35772357723577235772","2.7938165954238634","0.60975609756097560976","0.01626016260162601626","0.01626016260162601626","0","0","0.016260162601626018","0.016260162601626018","8.9255778943089431","14.3405709068284466","1.6260162601626016",100
"2025-10-22","293","0.53583617747440273038","3.3335538443745351","0.56655290102389078498","0.03071672354948805461","0.02389078498293515358","0","0","0.027303754266211604","0.023890784982935155","9.8588929283276451","17.8095054650071799","2.7303754266211604",100
"2025-10-21","1","0.00000000000000000000",NULL,"1.00000000000000000000","0.00000000000000000000","0.00000000000000000000","0","0","0","0","120.0011190000000000",NULL,"0.00000000000000000000",0
"2025-10-20","590","0.62033898305084745763","3.5250632891050209","0.92881355932203389831","0.05932203389830508475","0.03050847457627118644","0","0","0.03220338983050847","0.030508474576271188","4.8183300610169492","14.0313427701663074","3.4576271186440678",100
"2025-10-19","75","1.0533333333333333","4.5586073422593551","0.70666666666666666667","0.04000000000000000000","0.04000000000000000000","0","0","0.04","0.04","11.8972022400000000","20.9153030273830361","5.3333333333333333",100
"2025-10-18","449","1.0400890868596882","4.5931039138554646","0.71269487750556792873","0.06458797327394209354","0.04899777282850779510","0","0","0.04899777282850779","0.04899777282850779","21.6122588106904232","39.8403204812228077","4.8106904231625835",100
"2025-10-17","984","0.83739837398373983740","4.0962459229245117","0.91971544715447154472","0.05386178861788617886","0.04369918699186991870","0","0","0.04573170731707317","0.04369918699186992","10.9012023831300813","28.9661456084606350","4.3902439024390244",100
"2025-10-16","2290","0.93231441048034934498","4.2175706824157391","0.90262008733624454148","0.07467248908296943231","0.05676855895196506550","0","0","0.058078602620087336","0.056768558951965066","8.0678448864628821","23.0389454556640293","5.3362445414847162",100
"2025-10-15","515","1.4000000000000000","5.2069244527656956","0.73786407766990291262","0.10485436893203883495","0.06601941747572815534","0","0","0.06601941747572816","0.06601941747572816","10.7755715922330097","25.3627054522171598","6.7961165048543689",100
"2025-10-14","875","1.0342857142857143","4.5332450362853993","0.80571428571428571429","0.06514285714285714286","0.04914285714285714286","0","0","0.04914285714285714","0.04914285714285714","11.5747015737142857","27.6383128270439671","5.0285714285714286",100
"2025-10-13","7548","0.45747217806041335453","3.0106332595398235","0.87533121356650768415","0.03444621091679915209","0.02662957074721780604","0","0","0.026894541600423955","0.026629570747217807","11.7343274005034446","29.3237324107796314","2.5251722310545840",100
"2025-10-12","8304","0.27396435452793834297","2.3593707350435318","0.78299614643545279383","0.01782273603082851638","0.07105009633911368015","0","0","0.014571290944123315","0.014210019267822735","13.5557723699421965","31.8453407199716040","1.4222061657032755",100
"2025-10-11","8329","0.47220554688437987754","3.1047168954629456","0.83647496698283107216","0.03109617000840437027","0.11646055949093528635","0","0","0.023772361628046586","0.023292111898187057","16.4059217197742826","34.5508179930973255","2.3364149357665986",100
"2025-10-10","10010","0.47552447552447552448","3.1491149736148106","0.86073926073926073926","0.02717282717282717283","0.10839160839160839161","0","0","0.02177822177822178","0.021678321678321677","12.0278651102897103","29.0221023257146488","2.2517482517482517",100
"2025-10-09","7042","0.38525986935529679068","2.8478879611546770","0.81525134904856574837","0.01917069014484521443","0.09514342516330587901","0","0","0.019028685032661176","0.019028685032661176","14.5463840962794661","31.9053229338737532","1.9057086055097984",100
"2025-10-08","9734","0.47780973905896856380","3.1611842858236416","0.85319498664475035956","0.02352578590507499486","0.11506061228682966920","0","0.10735566057119375","0.023525785905074995","0.023012122457365933","13.6769344250051366","31.8731171607785144","2.3197041298541196",100
"2025-10-07","8180","0.39755501222493887531","2.8810028493229797","0.85831295843520782396","0.02029339853300733496","0.10085574572127139364","0","0.10794621026894866","0.020171149144254278","0.020171149144254278","14.5151956081907090","33.6367120600655261","2.0036674816625917",100
"2025-10-06","7270","0.40041265474552957359","2.9025868027469051","0.83892709766162310867","0.01843191196698762036","0.08940852819807427785","0","0.15240715268225585","0.01843191196698762","0.017881705639614855","14.0832612202200825","31.9074732665644967","1.9449793672627235",100
"2025-10-05","7958","0.51306861020356873586","3.2156409894525670","0.81666247800955013823","0.03581301834631817039","0.13194269917064589093","0","0.13194269917064588","0.026765518974616737","0.026388539834129178","14.4795813234481025","32.6951215302023229","2.6413671776828349",100
"2025-10-04","1174","0.29131175468483816014","2.3208847160545272","0.52725724020442930153","0.01618398637137989779","0.07240204429301533220","0","0.02129471890971039","0.014480408858603067","0.014480408858603067","16.8913498586030664","23.2520432378132306","1.9420783645655877",100
"2025-10-03","4358","0.11289582377237264800","1.4644792224073981","0.88572739788893988068","0.01009637448370812299","0.04015603487838458008","0","0.013538320330426802","0.008260670032124828","0.008031206975676917","6.2810433898577329","14.4698540050475227","0.71133547498852684718",100
"2025-10-02","803","0.49315068493150684932","3.0142455474642215","0.55915317559153175592","0.04109589041095890411","0.18057285180572851806","0","0.047322540473225407","0.037359900373599","0.0361145703611457","13.2613915056039851","21.1119288047298412","3.3125778331257783",100
"2025-10-01","1101","1.1852861035422343","4.8172230434025505","0.72661217075386012716","0.08446866485013623978","0.22706630336058128974","0","0.03360581289736603","0.05631244323342416","0.055404178019981834","7.4631184105358765","15.9247357283204047","5.7947320617620345",100
"2025-09-30","907","0.92613009922822491731","4.2680664848944598","0.67475192943770672547","0.05843439911797133407","0.18522601984564498346","0","0.020948180815876516","0.047409040793825796","0.04630650496141125","9.2949921742006615","16.8479258077275256","4.7409040793825799",100
"2025-09-29","494","0.55060728744939271255","3.2088350453874414","0.48178137651821862348","0.04655870445344129555","0.10526315789473684211","0","0.016194331983805668","0.03441295546558704","0.02631578947368421","12.8826047145748988","21.2166095664780147","3.2793522267206478",100
"2025-09-28","753","1.0199203187250996","4.4289156847448137","0.76361221779548472776","0.07569721115537848606","0.19123505976095617530","0","0.0199203187250996","0.04780876494023904","0.04780876494023904","8.8383816759628154","19.1864616793080246","5.1792828685258964",100
"2025-09-27","345","0.71304347826086956522","3.7231954050609453","0.51884057971014492754","0.03768115942028985507","0.11594202898550724638","0","0.05507246376811594","0.028985507246376812","0.028985507246376812","13.4124810753623188","22.7796512252832631","3.8840579710144928",100
"2025-09-26","698","1.0386819484240688","4.5450014461460783","0.67621776504297994269","0.06733524355300859599","0.19484240687679083095","0","0.03008595988538682","0.050143266475644696","0.04871060171919771","10.3334412664756447","22.3092314043749891","5.1289398280802292",100
"2025-09-25","870","1.0149425287356322","4.5185725603208229","0.68505747126436781609","0.05632183908045977011","0.18390804597701149425","0","0.03103448275862069","0.04597701149425287","0.04597701149425287","12.2657790011494253","25.3160178027972722","4.8505747126436782",100
"2025-09-24","958","0.93736951983298538622","4.2704107182322490","0.71920668058455114823","0.06367432150313152401","0.16701461377870563674","0","0.024008350730688934","0.04384133611691023","0.04175365344467641","8.8856213277661795","18.1548564501266136","4.6137787056367432",100
"2025-09-23","613","0.82381729200652528548","3.9973382212982844","0.66557911908646003263","0.04893964110929853181","0.13703099510603588907","0","0.05872756933115824","0.03588907014681892","0.03425774877650897","10.8877118548123980","21.2009924101861953","4.3719412724306688",100
"2025-09-22","767","0.77835723598435462842","3.9869763061030771","0.72881355932203389831","0.04172099087353324641","0.14080834419817470665","0","0.035202086049543675","0.03780964797913951","0.035202086049543675","9.3066018318122555","21.0788565689923272","3.8331160365058670",100
"2025-09-21","991","0.41675075681130171544","2.9639043894387476","0.69323915237134207871","0.02320887991927346115","0.07669021190716448032","0","0.01917255297679112","0.01917255297679112","0.01917255297679112","8.9378590938446014","17.3249154776132018","1.9576185671039354",100
"2025-09-20","9627","0.36501506180533915031","2.7084476098898380","0.90360444582943803885","0.02991586163913991898","0.07146566947127869534","0","0.010179702918874","0.01828191544614106","0.017866417367819673","10.5042651407499740","26.8292158172419650","1.8572764100966033",100
"2025-09-19","10028","0.46080973274830474671","2.9568823629904329","0.86806940566414040686","0.04457518946948544077","0.10530514559234144396","0","0.01824890307140008","0.02662544874351815","0.02632628639808536","11.9835824959114479","28.3357009400026077","2.5947347427203829",100
"2025-09-18","9839","0.49710336416302469763","3.0952827503349523","0.88464274824677304604","0.04695599146254700681","0.10976725276959040553","0","0.01981908730562049","0.02805163126333977","0.0274418131923976","11.0580017705051326","27.2035099710883100","2.6913304197581055",100
"2025-09-17","10643","0.54871746687963919947","3.2755076529673833","0.89082025744620877572","0.04932819693695386639","0.10598515456168373579","0","0.012308559616649442","0.026966080992201446","0.026496288640420935","8.8903213958470356","22.9419381542225082","2.7755332143192709",100
"2025-09-16","11775","0.76484076433121019108","3.8079405748348872","0.87787685774946921444","0.07685774946921443737","0.16781316348195329087","0","0.009002123142250532","0.042123142250530786","0.041953290870488325","11.7368407161783439","28.3896742891258998","4.0832271762208068",100
"2025-09-15","10362","0.58965450685195908126","3.3775862802461679","0.87039181625168886315","0.05404362092260181432","0.07981084732677089365","0","0.016309592742713763","0.031171588496429262","0.030592549700829957","12.0773588650839606","28.7189116446281378","3.1113684616869330",100
"2025-09-14","10588","0.51038911975821684926","3.1473953961961698","0.86654703437854174537","0.04514544767661503589","0.05213449187759727994","0","0.020022667170381564","0.02691726482810729","0.02606724593879864","11.9166430097279940","28.3258211523282471","2.6964488099735550",100
"2025-09-13","9088","0.49240757042253521127","3.0953355629763149","0.89645686619718309859","0.04500440140845070423","0.05413732394366197183","0","0.01738556338028169","0.027288732394366196","0.027068661971830985","11.6105706606514085","27.6341939344462576","2.6584507042253521",100
"2025-09-12","15221","0.40181328427829971750","2.8375475469205939","0.92096445700019709612","0.03153537875303856514","0.04217856908218908088","0","0.00637277445634321","0.021483476775507524","0.02108928454109454","8.4375657836541620","22.8648063877136790","2.0944747388476447",100
"2025-09-11","13491","0.41264546734860277222","2.8974798318670619","0.89200207545771254911","0.02905640797568749537","0.04106441331257875621","0","0.007857089911793047","0.02075457712549107","0.020532206656289378","9.9653432916018086","26.3504790181102961","2.0643391890890223",100
"2025-09-10","12804","0.41986879100281162137","2.9195356853888453","0.90987191502655420181","0.02866291783817557013","0.04061230865354576695","0","0.007341455795064043","0.020618556701030927","0.020228053733208372","16.8783006358169322","32.9555003985373288","2.0805998125585754",100
"2025-09-09","12497","0.49299831959670320877","3.1701083350622431","0.81651596383131951668","0.03480835400496119069","0.04641113867328158758","0","0.011922861486756822","0.023605665359686324","0.023205569336640794","12.3618617284148196","29.6518330710852607","2.4149795951028247",100
"2025-09-08","11756","0.49566178972439605308","3.1683888826263869","0.81286151752296699558","0.03445049336509016672","0.04661449472609731201","0","0.015906771010547806","0.023732562095951003","0.023307247363048657","9.2875585260292617","24.4046283660701548","2.5314732902347737",100
"2025-09-07","1028","0.78793774319066147860","3.9828955656250052","0.77723735408560311284","0.04863813229571984436","0.07198443579766536965","0","0.026264591439688716","0.037937743190661476","0.03599221789883268","7.3260493978599222","15.6874339844722246","3.9494163424124514",100
"2025-09-06","1109","0.70423805229936880072","3.8042098665324601","0.89540126239855725879","0.04238052299368800721","0.06311992786293958521","0","0.025247971145175834","0.032461677186654644","0.031559963931469794","8.6800534706943192","18.1343400353189710","3.3183047790802525",100
"2025-09-05","1956","0.27760736196319018405","2.3590993992792650","0.87014314928425357873","0.01942740286298568507","0.02453987730061349693","0","0.013803680981595092","0.014314928425357873","0.012269938650306749","5.6771393696319018","13.7116332558214917","1.5286298568507157",100
"2025-09-04","1557","0.82337829158638407193","4.0734286189262370","0.76107899807321772640","0.05716120745022479127","0.07707129094412331407","0","0.01798330122029544","0.03917790622992935","0.038535645472061654","10.2778980905587669","22.3374527982583370","4.0077071290944123",100
"2025-09-03","635","0.56377952755905511811","3.3037992968076204","0.54488188976377952756","0.04566929133858267717","0.05039370078740157480","0","0.09921259842519685","0.029921259842519685","0.025196850393700787","13.1200169448818898","24.6375495926744649","3.1496062992125984",100
"2025-09-02","1045","0.69665071770334928230","3.6631171792451834","0.76842105263157894737","0.04593301435406698565","0.07464114832535885167","0","0.04688995215311005","0.04019138755980861","0.03732057416267943","10.8536511722488038","23.4029614681234830","3.9234449760765550",100
"2025-09-01","828","0.60990338164251207729","3.4722946969169601","0.71739130434782608696","0.03864734299516908213","0.05314009661835748792","0","0.050724637681159424","0.027777777777777776","0.026570048309178744","10.5378388514492754","20.3714554808151791","3.1763285024154589",100
"2025-08-31","667","0.73163418290854572714","3.8890318006487684","0.68815592203898050975","0.04047976011994002999","0.06596701649175412294","0","0.025487256371814093","0.035982008995502246","0.03298350824587706","11.4367924572713643","23.3089604214999473","3.6581709145427286",100
"2025-08-30","427","1.1007025761124122","4.6250668791579100","0.66276346604215456674","0.07259953161592505855","0.09836065573770491803","0","0.0234192037470726","0.04918032786885246","0.04918032786885246","13.7904346557377049","25.7202052731778968","5.4332552693208431",100
"2025-08-29","553","0.52260397830018083183","3.1947555105564058","0.63291139240506329114","0.04882459312839059675","0.05063291139240506329","0","0.04159132007233273","0.027124773960216998","0.02531645569620253","13.6973004737793852","26.3360951805111440","2.6582278481012658",100
"2025-08-28","541","0.35859519408502772643","2.6255272953106591","0.49353049907578558226","0.02957486136783733826","0.02957486136783733826","0","0.03512014787430684","0.02033271719038817","0.014787430683918669","18.3325494473197782","26.4444726234114413","1.9963031423290203",100
"2025-08-27","1010","1.0029702970297030","4.3450062571573225","0.61188118811881188119","0.09504950495049504950","0.09900990099009900990","0","0.01287128712871287","0.04950495049504951","0.04950495049504951","15.0605231425742574","22.6260185365583460","5.2673267326732673",100
"2025-08-26","857","0.74679113185530921820","3.6926381793842865","0.59276546091015169195","0.07117852975495915986","0.06767794632438739790","0","0.039673278879813305","0.03733955659276546","0.0338389731621937","17.3612713582263711","23.9103413339818242","4.1423570595099183",100
"2025-08-25","842","0.70427553444180522565","3.6774475147354286","0.70902612826603325416","0.06413301662707838480","0.06650831353919239905","0","0.023752969121140142","0.0344418052256532","0.0332541567695962","10.4737984655581948","19.8631889078967406","3.5748218527315914",100
"2025-08-24","503","0.85685884691848906561","4.0168206682440941","0.60238568588469184891","0.07355864811133200795","0.07554671968190854871","0","0.03578528827037773","0.039761431411530816","0.03777335984095427","14.5971210874751491","24.3795052321676226","4.5328031809145129",100
"2025-08-23","1060","1.0547169811320755","4.4718008927980464","0.80849056603773584906","0.09339622641509433962","0.10188679245283018868","0","0.014150943396226415","0.0509433962264151","0.0509433962264151","9.5913307632075472","20.4572860415454086","5.3018867924528302",100
"2025-08-22","1920","1.0005208333333333","4.3550716440834677","0.84270833333333333333","0.09322916666666666667","0.09687500000000000000","0","0.027083333333333334","0.04895833333333333","0.0484375","9.0237595588541667","21.9088166984830762","5.1145833333333333",100
"2025-08-21","350","1.0114285714285714","4.3526345760657414","0.54000000000000000000","0.09714285714285714286","0.09714285714285714286","0","0.017142857142857144","0.04857142857142857","0.04857142857142857","17.7127408542857143","19.9190793988447336","5.2571428571428571",100
"2025-08-20","166","0.48192771084337349398","3.0762489783112141","0.87349397590361445783","0.04819277108433734940","0.04819277108433734940","0","0.030120481927710843","0.024096385542168676","0.024096385542168676","6.8419071566265060","18.8385494799814998","2.4096385542168675",100
"2025-08-19","489","0.74028629856850715746","3.7917123710469404","0.87116564417177914110","0.07157464212678936605","0.07361963190184049080","0","0.006134969325153374","0.03680981595092025","0.03680981595092025","7.5864870490797546","18.6304378309452813","3.6809815950920245",100
"2025-08-16","322","1.0683229813664596","4.4799647078083695","0.93167701863354037267","0.11180124223602484472","0.11180124223602484472","0","0.015527950310559006","0.059006211180124224","0.055900621118012424","6.1820851211180124","14.6744130682132427","5.7763975155279503",100
"2025-08-15","264","1.0833333333333333","4.5905203473646726","0.94696969696969696970","0.09469696969696969697","0.10606060606060606061","0","0","0.05303030303030303","0.05303030303030303","4.2965320151515152","6.4860221176137587","5.3030303030303030",100
"2025-08-14","58","1.1034482758620690","4.7708532289691533","0.82758620689655172414","0.06896551724137931034","0.10344827586206896552","0","0.034482758620689655","0.05172413793103448","0.05172413793103448","5.5704579655172414","9.7929654346905528","5.1724137931034483",100
"2025-08-13","1144","0.77360139860139860140","3.8466177167059027","0.81381118881118881119","0.07779720279720279720","0.08041958041958041958","0","0.01486013986013986","0.04108391608391608","0.04020979020979021","6.8936331101398601","14.8504066595598999","3.9860139860139860",100
"2025-08-12","2809","0.66785332858668565326","3.6011585641458307","0.88679245283018867925","0.06336774652901388394","0.06550373798504805981","0","0.006051975792096832","0.03346386614453542","0.03275186899252403","5.5396937707369171","11.7195783814830146","3.3748665005339979",100
"2025-08-11","2113","0.83719829626123994321","4.0033127980287441","0.86038807382867960246","0.08140085186938002840","0.08424041646947468055","0","0.013251301467108376","0.04259346900141978","0.04212020823473734","7.2068484761003313","17.0452499681605256","4.2877425461429248",100
"2025-08-10","1103","0.65276518585675430644","3.5312975906155828","0.88757932910244786945","0.05621033544877606528","0.05983680870353581142","0","0.012692656391659111","0.029918404351767906","0.029918404351767906","7.5951714043517679","15.5930148234335746","3.3544877606527652",100
"2025-08-09","1703","0.71990604815032295948","3.7186128834959177","0.81620669406928948914","0.06752789195537287140","0.07046388725778038755","0","0.009395184967704051","0.03523194362889019","0.03523194362889019","7.0934155149735760","14.4286495206287478","3.6171462125660599",100
"2025-08-08","1761","0.66666666666666666667","3.5952409621272363","0.86371379897785349233","0.06076093128904031800","0.06360022714366837024","0","0.009653605905735378","0.033503691084611015","0.03180011357183418","6.0818825848949461","14.9316648159676933","3.3503691084611016",100
"2025-08-07","1790","0.73351955307262569832","3.7629514618449478","0.88212290502793296089","0.06648044692737430168","0.07039106145251396648","0","0.012849162011173185","0.03519553072625698","0.03519553072625698","5.8851739156424581","13.5267583275223679","3.6871508379888268",100
"2025-08-06","2152","0.87546468401486988848","4.0855919541327868","0.92146840148698884758","0.07853159851301115242","0.08364312267657992565","0","0.0055762081784386614","0.04228624535315985","0.041821561338289966","4.8018997890334572","11.2595925762158782","4.4423791821561338",100
"2025-08-05","1924","0.87681912681912681913","4.0977275219349261","0.88617463617463617464","0.08056133056133056133","0.08627858627858627859","0","0.009875259875259876","0.04365904365904366","0.04313929313929314","6.2204989324324324","16.7248135769270362","4.4490644490644491",100
"2025-08-04","1901","0.91057338243029984219","4.1658257205765879","0.86270384008416622830","0.08153603366649132036","0.09889531825355076276","0","0.011572856391372961","0.04944765912677538","0.04944765912677538","5.8576454339821147","12.9803677108063958","4.8500789058390321",100
"2025-08-03","1846","1.0834236186348862","4.5542292660165735","0.83694474539544962080","0.09425785482123510293","0.10509209100758396533","0","0.024918743228602384","0.05308775731310943","0.05254604550379198","6.9523606868905742","15.9203814540320654","5.4387865655471289",100
"2025-08-02","2125","0.86541176470588235294","4.1082061419388130","0.90494117647058823529","0.07717647058823529412","0.08564705882352941176","0","0.0075294117647058826","0.042823529411764705","0.042823529411764705","4.9730343289411765","11.7751084996380525","4.3011764705882353",100
"2025-08-01","1597","1.0288040075140889","4.4118116562257043","0.86098935504070131497","0.10206637445209768316","0.10394489668127739512","0","0.0068879148403256105","0.052598622417031934","0.051972448340638695","6.5683849668127740","14.9250891447411650","5.2097683155917345",100
"2025-07-31","2443","0.72943102742529676627","3.6651486271503949","0.88374948833401555465","0.07327056897257470323","0.10397052803929594761","0","0.007367990176013099","0.052394596807204256","0.051985264019647974","6.1982436606631191","15.7860573934468673","4.5026606631191158",100
"2025-07-30","2587","1.0908388094317743","4.5596354754413367","1.0587553150367221","0.10204870506378044066","0.11055276381909547739","0","0.0030923850019327404","0.05527638190954774","0.05527638190954774","5.4150007603401624","9.8819907773638802","5.4889833784306146",100
"2025-07-27","287","1.8188153310104530","5.7738796925066219","0.84320557491289198606","0.17770034843205574913","0.18118466898954703833","0","0.013937282229965157","0.09059233449477352","0.09059233449477352","7.3880099825783972","15.5736101118092845","9.0592334494773519",100
"2025-07-26","613","1.0440456769983687","4.6109791480544082","0.93964110929853181077","0.06525285481239804241","0.09787928221859706362","0","0.0032626427406199023","0.048939641109298535","0.048939641109298535","5.1381227911908646","12.1031697669637194","4.8939641109298532",100
"2025-07-20","2315","0.75809935205183585313","3.7650611198825991","0.91058315334773218143","0.07429805615550755940","0.08293736501079913607","0","0.009935205183585313","0.04146868250539957","0.04146868250539957","5.5253112280777538","14.2307931362890625","4.1468682505399568",100
"2025-07-19","2296","0.82578397212543554007","3.8917998585400737","0.90853658536585365854","0.08362369337979094077","0.10801393728222996516","0","0.007404181184668989","0.05444250871080139","0.05400696864111498","5.3912272382404181","13.0937252633660576","4.8954703832752613",100
"2025-07-18","2416","1.2218543046357616","4.8000640994993362","0.91970198675496688742","0.11796357615894039735","0.12168874172185430464","0","0.005794701986754967","0.06084437086092715","0.06084437086092715","6.5442030736754967","15.6091533021953647","6.1092715231788079",100
"2025-07-17","1748","0.90961098398169336384","4.1513798325039053","0.86956521739130434783","0.08180778032036613272","0.08581235697940503432","0","0.011441647597254004","0.04290617848970252","0.04290617848970252","6.4431059696796339","14.6315829503698354","4.6109839816933638",100
"2025-07-16","2033","0.81062469257255287752","3.9562127525980084","0.84112149532710280374","0.07575012297097884899","0.07968519429414658141","0","0.023118544023610427","0.04082636497786522","0.03984259714707329","6.3998430034431874","14.1961812358191604","4.0629611411706837",100
"2025-07-15","1536","0.92122395833333333333","4.2579275057558847","0.89388020833333333333","0.07486979166666666667","0.08854166666666666667","0","0.005208333333333333","0.044270833333333336","0.044270833333333336","5.8828870305989583","14.1060053542980639","4.4921875000000000",100
"2025-07-10","757","0.23645970937912813738","1.9247324118356855","0.98150594451783355350","0.03566710700132100396","0.02642007926023778071","0","0","0.026420079260237782","0.026420079260237782","6.2765279379128137","11.8049743505556676","2.0211360634081902",100
"2025-07-09","21070","0.55690555291884195539","3.2850213165474104","0.89140958709065021357","0.05177978168011390603","0.02895111532985287138","0","0.0049833887043189366","0.02895111532985287","0.02838158519221642","7.4660993367821547","20.7987350006367083","2.9705742762221168",100
"2025-07-07","33","1.3636363636363636","5.0979050955893994","0.63636363636363636364","0.09090909090909090909","0.12121212121212121212","0","0","0.06060606060606061","0.06060606060606061","15.9852029090909091","23.5887413135395396","9.0909090909090909",100
"2025-07-05","846","0.42907801418439716312","2.8495291173027674","0.53427895981087470449","0.03900709219858156028","0.04491725768321513002","0","0.07328605200945626","0.024822695035460994","0.022458628841607566","11.0773409751773050","17.1196208239610018","2.4822695035460993",100
"2025-07-04","877","0.36830102622576966933","2.5991829521733957","0.56898517673888255416","0.03876852907639680730","0.05245153933865450399","0","0.02394526795895097","0.027366020524515394","0.026225769669327253","10.5156856670467503","15.0761563939560340","2.4629418472063854",100
"2025-07-03","921","0.30184581976112920738","2.4348214071874486","0.54505971769815418024","0.02714440825190010858","0.02823018458197611292","0","0.10314875135722042","0.01520086862106406","0.014115092290988056","8.4285443745928339","11.5244208318007976","1.5200868621064061",100
"2025-07-02","707","0.50070721357850070721","3.1059546315684472","0.54596888260254596888","0.03394625176803394625","0.04243281471004243281","0","0.13012729844413012","0.021216407355021217","0.021216407355021217","10.6580512390381895","17.1111266549299361","2.6308345120226308",100
"2025-07-01","1908","0.41037735849056603774","2.8118479693575582","0.75209643605870020964","0.03878406708595387841","0.04088050314465408805","0","0.023060796645702306","0.02148846960167715","0.020440251572327043","8.8305982693920335","18.2648182381422951","2.2169811320754717",100
"2025-06-30","849","0.30859835100117785630","2.2853995233167707","0.60659599528857479388","0.03651354534746760895","0.05182567726737338045","0","0.007067137809187279","0.028268551236749116","0.02591283863368669","11.3036715441696113","16.3253055256410148","2.3792697290930506",100
"2025-06-29","845","0.60473372781065088757","3.4620455739045907","0.68520710059171597633","0.03905325443786982249","0.05207100591715976331","0","0.046153846153846156","0.027218934911242602","0.02603550295857988","7.2715337763313609","10.8832437717444007","3.1479289940828402",100
"2025-06-28","877","0.83922462941847206385","4.0989934549008053","0.63625997719498289624","0.05131128848346636260","0.07753705815279361460","0","0.02508551881413911","0.03876852907639681","0.03876852907639681","10.8602573363740023","22.2388393588752035","4.1049030786773090",100
"2025-06-27","833","0.51140456182472989196","3.0603194074796298","0.66626650660264105642","0.03841536614645858343","0.04561824729891956783","0","0.030012004801920768","0.025210084033613446","0.022809123649459785","7.8832901416566627","13.8407214101820730","2.7611044417767107",100
"2025-06-26","804","0.46890547263681592040","3.0213484154581432","0.68532338308457711443","0.03980099502487562189","0.06716417910447761194","0","0.018656716417910446","0.03482587064676617","0.033582089552238806","10.6940643134328358","23.1684761117667327","2.8109452736318408",100
"2025-06-25","662","0.55589123867069486405","3.3075881272644197","0.61782477341389728097","0.03927492447129909366","0.04833836858006042296","0","0.07099697885196375","0.027190332326283987","0.02416918429003021","11.5896342401812689","22.1933987841307672","2.9305135951661631",100
"2025-06-24","864","0.39814814814814814815","2.8224881237336776","0.68402777777777777778","0.02546296296296296296","0.03472222222222222222","0","0.04513888888888889","0.017361111111111112","0.017361111111111112","8.3759146168981481","13.7622335797331730","1.9907407407407407",100
"2025-06-23","1344","0.57142857142857142857","3.3731830670494864","0.73288690476190476190","0.04092261904761904762","0.05208333333333333333","0","0.05133928571428571","0.026041666666666668","0.026041666666666668","6.2017341488095238","9.9877176089106423","2.8273809523809524",100
"2025-06-22","1077","0.54781801299907149489","3.3323896797947217","0.70752089136490250696","0.02878365831012070566","0.04642525533890436397","0","0.09563602599814298","0.02321262766945218","0.02321262766945218","8.2178895831012071","14.7746359503341055","2.6926648096564531",100
"2025-06-21","933","0.79314040728831725616","4.0383191509622651","0.70418006430868167203","0.04287245444801714898","0.07073954983922829582","0","0.03644158628081458","0.03644158628081458","0.03536977491961415","8.2001038606645230","14.2503430510436156","3.8370846730975348",100
"2025-06-20","1085","0.50691244239631336406","3.2356977604435090","0.71889400921658986175","0.02580645161290322581","0.04423963133640552995","0","0.03317972350230415","0.022119815668202765","0.022119815668202765","7.6084829013824885","14.0800928807461200","2.4331797235023041",100
"2025-06-19","790","0.35822784810126582278","2.7013636698508478","0.54050632911392405063","0.01772151898734177215","0.03037974683544303797","0","0.07848101265822785","0.015189873417721518","0.015189873417721518","10.6054771139240506","17.3636754837010118","1.8987341772151899",100
"2025-06-18","2441","0.07947562474395739451","1.2361663585058060","0.86112249078246620238","0.00450634985661614093","0.00573535436296599754","0","0.004916018025399427","0.0032773453502662844","0.0028676771814829987","4.0086874731667349","11.0418107400887110","0.44653830397378123720",100
"2025-06-17","1003","0.54037886340977068794","3.3368915124857903","0.66500498504486540379","0.02991026919242273180","0.04785643070787637089","0","0.05583250249252243","0.023928215353938187","0.023928215353938187","8.9365713748753739","16.0602715153829347","2.5922233300099701",100
"2025-06-16","497","0.40442655935613682093","2.8651515264106327","0.47686116700201207243","0.02213279678068410463","0.03621730382293762575","0","0.04627766599597585","0.018108651911468814","0.018108651911468814","12.8824595935613682","18.9866247878768521","2.0120724346076459",100
"2025-06-15","617","0.26418152350081037277","2.3306046856474740","0.31928687196110210697","0.01458670988654781199","0.02269043760129659643","0","0.18314424635332252","0.011345218800648298","0.011345218800648298","14.3625073144246353","19.9829928696887363","1.2965964343598055",100
"2025-06-14","993","0.48539778449144008056","3.1775482325269917","0.62537764350453172205","0.02416918429003021148","0.04229607250755287009","0","0.0553877139979859","0.021148036253776436","0.021148036253776436","8.0848186233635448","14.6136843555276711","2.3162134944612286",100
"2025-06-13","1403","0.57091945830363506771","3.4119966997702493","0.78973627940128296507","0.03706343549536707056","0.06699928724162508909","0","0.05987170349251604","0.027797576621525304","0.026372059871703494","8.0793064789736279","20.3686956230968085","2.8082679971489665",100
"2025-06-12","1353","0.45528455284552845528","3.0330458936656753","0.74205469327420546933","0.02069475240206947524","0.05543237250554323725","0","0.05395417590539542","0.018477457501847747","0.018477457501847747","10.4473614693274205","23.5789180181494448","2.2320768662232077",100
"2025-06-11","1383","0.43673174258857556038","2.9966471890910819","0.77946493130874909617","0.02241503976861894432","0.05639913232104121475","0","0.028199566160520606","0.018799710773680405","0.018799710773680405","6.2533986341287057","14.0780077066633574","2.1547360809833695",100
"2025-06-10","1763","0.71639251276233692569","3.8418063123249076","0.85649461145774248440","0.04367555303460011344","0.10039705048213272830","0","0.0652297220646625","0.03460011344299489","0.033465683494044246","6.1091230657969370","12.1281956503798854","3.4373227453204765",100
"2025-06-09","2622","0.18039664378337147216","1.8708462715168244","0.37452326468344774981","0.01716247139588100686","0.03661327231121281465","0","0.031655225019069415","0.012585812356979404","0.012204424103737605","16.6156038764302059","20.7742189447082378","1.0678871090770404",100
"2025-06-08","2714","0.39646278555637435520","2.9116114151923275","0.88209285187914517318","0.02652910832719233604","0.05195283714075165807","0","0.029108327192336036","0.018422991893883568","0.017317612380250553","5.1967475276344878","9.8499002426669493","1.9565217391304348",100
"2025-06-07","1317","0.47911921032649962035","3.1338765454853911","0.76082004555808656036","0.02657555049354593774","0.06378132118451025057","0","0.024297646165527716","0.02201974183750949","0.02126044039483675","6.5317253340926348","11.4807040566681886","2.3993925588458618",100
"2025-06-06","1470","0.47210884353741496599","3.1376798804837958","0.67074829931972789116","0.02653061224489795918","0.06326530612244897959","0","0.026530612244897958","0.022448979591836733","0.02108843537414966","8.4078492612244898","14.1162178315786613","2.2448979591836735",100
"2025-06-05","1347","0.52487008166295471418","3.2737776721782916","0.78247958426132145509","0.03711952487008166295","0.07349665924276169265","0","0.051224944320712694","0.025241276911655532","0.024498886414253896","5.6829776510764662","9.4582629125119079","2.5241276911655531",100
"2025-06-04","1510","0.62251655629139072848","3.5542593789695163","0.81721854304635761589","0.04172185430463576159","0.08741721854304635762","0","0.06026490066225165","0.029801324503311258","0.02913907284768212","6.0586312741721854","12.5308009142292500","3.0264900662251656",100
"2025-06-03","1665","0.71591591591591591592","3.8184953040636815","0.81081081081081081081","0.04204204204204204204","0.09729729729729729730","0","0.03423423423423423","0.033633633633633635","0.032432432432432434","5.8709427975975976","10.2378032725042199","3.5915915915915916",100
"2025-06-02","1991","0.70818684078352586640","3.7940350270099651","0.72375690607734806630","0.04118533400301356102","0.09643395278754394776","0","0.07081868407835258","0.03264691109994977","0.03214465092918132","8.4574869181315922","14.1668172149016787","3.3651431441486690",100
"2025-06-01","1541","0.71187540558079169371","3.8199810192020003","0.68462037637897469176","0.03828682673588578845","0.09344581440622972096","0","0.03698896820246593","0.03244646333549643","0.031148604802076575","15.8969268053212200","29.8147655561573080","3.4263465282284231",100
"2025-05-31","3388","0.52213695395513577332","3.2952059068953069","0.90023612750885478158","0.03069657615112160567","0.07172373081463990555","0","0.06080283353010626","0.024203069657615112","0.023907910271546637","4.8412787122195986","7.9390337414779495","2.4704840613931523",100
"2025-05-30","1216","0.69736842105263157895","3.7570927797317220","0.72944078947368421053","0.03453947368421052632","0.08881578947368421053","0","0.029605263157894735","0.029605263157894735","0.029605263157894735","6.9109458733552632","11.3535272813720545","3.4210526315789474",100
"2025-05-29","8530","0.32461899179366940211","2.5479371698067975","0.85580304806565064478","0.02309495896834701055","0.02391559202813599062","0","0.0029308323563892145","0.01559202813599062","0.014771395076201642","10.7000113726846424","25.2758872244209516","1.6987104337631887",100
"2025-05-28","985","0.52893401015228426396","3.1608995485473385","0.68934010152284263959","0.02944162436548223350","0.06395939086294416244","0","0.03654822335025381","0.02233502538071066","0.02131979695431472","8.6625298304568528","15.6890499172403785","3.2081218274111675",100
"2025-05-27","1161","0.41602067183462532300","2.8387803985684495","0.68733850129198966408","0.02325581395348837209","0.05167958656330749354","0","0.05598621877691645","0.01808785529715762","0.017226528854435832","7.5368401662360034","11.9656631477615685","2.3255813953488372",100
"2025-05-26","826","0.60653753026634382567","3.5139763710311897","0.79418886198547215496","0.03510895883777239709","0.08353510895883777240","0","0.013317191283292978","0.02784503631961259","0.02784503631961259","6.4357328571428571","12.2108142446331417","2.9782082324455206",100
"2025-05-25","1051","0.90580399619410085633","4.2394602751297320","0.82873453853472882969","0.06470028544243577545","0.12844909609895337774","0","0.058039961941008564","0.04281636536631779","0.04281636536631779","5.6939263510941960","10.4620495646288526","4.4719314938154139",100
"2025-05-24","622","0.66077170418006430868","3.5926707529946994","0.77009646302250803859","0.05305466237942122186","0.09163987138263665595","0","0.07556270096463022","0.03215434083601286","0.03054662379421222","5.6104525144694534","8.8504016479408308","3.5369774919614148",100
"2025-05-23","817","0.75642594859241126071","3.8812850301172317","0.83720930232558139535","0.05018359853121175031","0.10281517747858017136","0","0.01591187270501836","0.03427172582619339","0.03427172582619339","4.3671317209302326","8.1197386960733390","3.7943696450428397",100
"2025-05-22","871","0.71756601607347876005","3.7285048681303008","1.1492537313432836","0.04822043628013777268","0.09644087256027554535","0","0.04936854190585534","0.03444316877152698","0.03214695752009185","5.3359048783008037","10.7763451134272157","3.3983926521239954",100
"2025-05-21","775","0.65548387096774193548","3.5902923580776516","0.69032258064516129032","0.04903225806451612903","0.09290322580645161290","0","0.0064516129032258064","0.03096774193548387","0.03096774193548387","6.1830029741935484","7.3759468314962549","3.3032258064516129",100
"2025-05-20","667","0.80059970014992503748","3.9861772727049332","0.81409295352323838081","0.06146926536731634183","0.11244377811094452774","0","0.11244377811094453","0.038980509745127435","0.037481259370314844","5.5043573853073463","10.4132255156649409","3.9880059970014993",100
"2025-05-19","850","0.79529411764705882353","3.9687206295207100","0.79647058823529411765","0.05058823529411764706","0.10941176470588235294","0","0.13529411764705881","0.036470588235294116","0.036470588235294116","6.0070068682352941","9.6092085436268851","4.1411764705882353",100
"2025-05-18","576","0.76736111111111111111","3.8832586918247991","0.70833333333333333333","0.05555555555555555556","0.10416666666666666667","0","0.0763888888888889","0.034722222222222224","0.034722222222222224","7.0737474513888889","9.8373339178348806","3.8194444444444444",100
"2025-05-17","577","0.99480069324090121317","4.4446801070055233","0.64991334488734835355","0.06412478336221837088","0.13518197573656845754","0","0.03119584055459272","0.045060658578856154","0.045060658578856154","8.9768051611785095","16.1473848926246680","4.7833622183708839",100
"2025-05-16","748","0.64705882352941176471","3.1433454346127614","0.74064171122994652406","0.08689839572192513369","0.25267379679144385027","0","0.026737967914438502","0.08422459893048129","0.08422459893048129","5.2955763008021390","11.2496527697003204","6.0427807486631016",100
"2025-05-15","644","0.80124223602484472050","3.9005042155638924","0.72049689440993788820","0.06832298136645962733","0.17236024844720496894","0","0.11180124223602485","0.05745341614906832","0.05745341614906832","5.7040503152173913","9.4790465781904951","4.8757763975155280",100
"2025-05-14","686","1.0903790087463557","4.6617556452004994","0.72740524781341107872","0.07142857142857142857","0.14868804664723032070","0","0.05102040816326531","0.052478134110787174","0.04956268221574344","7.4134380743440233","14.3882939841225022","5.2478134110787172",100
"2025-05-13","643","0.86314152410575427683","4.1610784558905881","0.71850699844479004666","0.05754276827371695179","0.12130637636080870918","0","0.017107309486780714","0.04354587869362364","0.04043545878693624","9.4409009533437014","21.0726393436972868","4.1990668740279938",100
"2025-05-12","1361","1.0631888317413666","4.6138032799663359","0.90374724467303453343","0.06098457016899338722","0.14548126377663482733","0","0.05731080088170463","0.048493754592211606","0.048493754592211606","4.6413698398236591","11.1008872506846076","5.1285819250551065",100
"2025-05-11","1197","1.7009189640768588","5.7654060725637339","0.88053467000835421888","0.10860484544695071011","0.23809523809523809524","0","0.030910609857978277","0.07936507936507936","0.07936507936507936","4.7243863216374269","9.1732307818582198","8.0534670008354219",100
"2025-05-10","1550","1.1987096774193548","4.9763026180606223","0.87290322580645161290","0.07483870967741935484","0.16258064516129032258","0","0.03612903225806452","0.05548387096774193","0.05419354838709677","5.0192400980645161","12.8352811388144021","5.6129032258064516",100
"2025-05-09","136","0.94117647058823529412","4.4016237843547944","0.76470588235294117647","0.05882352941176470588","0.13235294117647058824","0","0.08823529411764706","0.04411764705882353","0.04411764705882353","5.7170813455882353","9.0782335500069146","4.4117647058823529",100
"2025-05-07","1583","0.91787744788376500316","4.2376707509332711","0.88945041061276058117","0.06127605811749842072","0.14971572962728995578","0","0.07075173720783323","0.05053695514845231","0.04990524320909665","4.9432407605811750","10.1310400763444273","4.9526216045483260",100
"2025-05-06","1067","0.94095595126522961575","4.5617794067083922","0.87910028116213683224","0.05342080599812558575","0.11246485473289597001","0","0.02530459231490159","0.04029990627928772","0.03748828491096532","5.2625072530459231","12.0833175409876492","4.5173383317713215",100
"2025-05-05","1335","0.38501872659176029963","2.7414991103797152","0.89288389513108614232","0.03295880149812734082","0.06966292134831460674","0","0.011235955056179775","0.02397003745318352","0.023220973782771534","5.5729111617977528","7.1425372317910811","2.2247191011235955",100
"2025-05-04","930","1.0784946236559140","4.8600732554018188","0.89139784946236559140","0.07096774193548387097","0.13225806451612903226","0","0.05806451612903226","0.04838709677419355","0.04408602150537634","4.9393267881720430","12.0644973150828285","5.0537634408602151",100
"2025-05-03","1482","0.86639676113360323887","3.9862649532257177","0.91700404858299595142","0.07692307692307692308","0.20040485829959514170","0","0.0620782726045884","0.06680161943319839","0.06680161943319839","4.1657748589743590","7.7481101127566095","5.5735492577597841",100
"2025-05-02","984","0.97357723577235772358","4.3329527061512828","0.88516260162601626016","0.06504065040650406504","0.15853658536585365854","0","0.018292682926829267","0.05386178861788618","0.052845528455284556","4.2055135182926829","8.5402481277609607","5.4268292682926829",100
"2025-05-01","1146","1.0602094240837696","4.7188968392712332","0.86212914485165794066","0.07678883071553228621","0.15706806282722513089","0","0.0462478184991274","0.0549738219895288","0.05235602094240838","4.6883101605584642","10.5922658994439261","5.4973821989528796",100
"2025-04-30","1316","0.81458966565349544073","3.7926043579957767","0.89057750759878419453","0.08054711246200607903","0.23024316109422492401","0","0.07066869300911854","0.07826747720364742","0.07674772036474165","4.3641911869300912","8.4320091301205499","5.8966565349544073",100
"2025-04-29","676","0.93343195266272189349","4.2947003410094171","0.65236686390532544379","0.05917159763313609467","0.12869822485207100592","0","0.14349112426035504","0.04437869822485207","0.042899408284023666","9.4898750428994083","17.4772601622778577","4.7928994082840237",100
"2025-04-27","134","1.4477611940298507","5.4200507227589454","0.88805970149253731343","0.08208955223880597015","0.20149253731343283582","0","0","0.06716417910447761","0.06716417910447761","4.2225489402985075","6.6145064697442475","6.7164179104477612",100
"2025-04-25","985","0.96345177664974619289","4.3894140329666167","0.80203045685279187817","0.06903553299492385787","0.13705583756345177665","0","0.06802030456852792","0.04568527918781726","0.04568527918781726","5.7009695573604061","10.5429156415055268","4.6700507614213198",100
"2025-04-24","1013","1.0375123395853899","4.7274087834066760","0.85686080947680157947","0.05626850937808489635","0.13622902270483711747","0","0.03257650542941757","0.04639684106614018","0.045409674234945706","5.1247955054294176","8.2783205297900631","4.8173741362290227",100
"2025-04-23","1249","1.0416333066453163","4.6177468306210001","0.78462770216172938351","0.06965572457966373098","0.13690952762209767814","0","0.06244995996797438","0.04643714971977582","0.045636509207365894","7.3161068887109688","15.0487262553855713","5.0600480384307446",100
"2025-04-22","1327","1.2079879427279578","4.8696891888738241","0.86963074604370761115","0.07837226827430293896","0.16503391107761868877","0","0.018839487565938208","0.05576488319517709","0.055011303692539565","5.1488436797287114","9.8561162363296497","5.9834212509419744",100
"2025-04-21","1378","0.59216255442670537010","3.4604094858025054","0.68940493468795355588","0.03773584905660377358","0.08055152394775036284","0","0.0021770682148040637","0.026850507982583455","0.026850507982583455","7.1585733904208999","12.0696067281835857","2.9027576197387518",100
"2025-04-20","1009","0.67096134786917740337","3.7520839669088816","0.74925668979187314172","0.04162537165510406343","0.07730426164519326065","0","0.003964321110009911","0.028741328047571853","0.02576808721506442","8.3591085332011893","17.6514642250069392","3.3894945490584737",100
"2025-04-19","695","0.50359712230215827338","3.3364939162266793","0.70215827338129496403","0.02877697841726618705","0.05179856115107913669","0","0.0057553956834532375","0.01870503597122302","0.017266187050359712","7.4944319496402878","17.2671597686577458","2.4172661870503597",100
"2025-04-18","1433","0.68108862526168876483","3.8944934537106140","0.57780879274249825541","0.04117236566643405443","0.03768318213538032100","0","0.0013956734124214933","0.028611304954640614","0.02721563154221912","12.0967599141660851","16.9649533076575122","3.2937892533147244",100
"2025-04-17","2137","0.92044922788956481048","4.7638265337638721","0.79878334113242863828","0.05053813757604117922","0.03322414599906410856","0","0.015910154422087038","0.03696771174543753","0.033224145999064106","6.5530109181094993","15.9654736345631665","4.1179223210107628",100
"2025-04-16","1263","1.3285827395091053","5.7576957501341020","0.79572446555819477435","0.06730007917656373713","0.04117181314330958036","0","0.0665083135391924","0.04829770387965162","0.04117181314330958","5.9912689738717340","14.3094818676596434","6.1916072842438638",100
"2025-04-15","1176","1.0918367346938776","5.4612041095038903","0.83333333333333333333","0.06122448979591836735","0.03146258503401360544","0","0.12755102040816327","0.039965986394557826","0.031462585034013606","6.8508538690476190","15.6217226696281093","4.7619047619047619",100
"2025-04-14","1207","0.75724937862468931234","4.4921041902801556","0.64954432477216238608","0.04391052195526097763","0.02154101077050538525","0","0.037282518641259324","0.028169014084507043","0.021541010770505385","7.0033169030654515","13.2502495842868615","3.3637116818558409",100
"2025-04-13","1135","0.51629955947136563877","3.2317113231181128","0.62995594713656387665","0.03788546255506607930","0.02466960352422907489","0","0.0722466960352423","0.02555066079295154","0.024669603524229075","8.7927816889867841","21.5737210042514467","2.5198237885462555",100
"2025-04-12","2971","0.41164591046785594076","2.7681179746745685","0.90979468192527768428","0.04039044092898014137","0.02692696061932009424","0","0.027263547627061596","0.027600134634803097","0.026926960619320095","3.7655954146751935","10.2178511609094232","2.4705486368226186",100
"2025-04-11","1026","0.63840155945419103314","3.4936663219781587","0.72709551656920077973","0.06335282651072124756","0.03996101364522417154","0","0.014619883040935672","0.04093567251461988","0.03996101364522417","6.0277416881091618","11.2654895593574427","4.1715399610136452",100
"2025-04-10","646","0.55263157894736842105","3.2373092775681985","0.58359133126934984520","0.05108359133126934985","0.03095975232198142415","0","0.010835913312693499","0.032507739938080496","0.030959752321981424","8.8144732708978328","13.3178129977557017","3.0650154798761610",100
"2025-04-09","553","0.87522603978300180832","4.3197370166080753","0.65641952983725135624","0.06329113924050632911","0.03435804701627486438","0","0.059674502712477394","0.03616636528028933","0.034358047016274866","8.3789786437613020","15.0982230443706421","4.3399638336347197",100
"2025-04-08","561","0.59001782531194295900","3.4666019023939987","0.56684491978609625668","0.03921568627450980392","0.02673796791443850267","0","0.035650623885918005","0.0285204991087344","0.026737967914438502","9.1513002210338681","14.9991294143771299","2.8520499108734403",100
"2025-04-07","609","0.83251231527093596059","4.0161917874951489","0.54679802955665024631","0.04597701149425287356","0.03448275862068965517","0","0.05090311986863711","0.0361247947454844","0.034482758620689655","9.7720773678160920","16.3169608927533468","4.4663382594417077",100
"2025-04-06","1038","0.67630057803468208092","3.5999620958868762","0.64643545279383429672","0.05876685934489402697","0.04142581888246628131","0","0.028901734104046242","0.04335260115606936","0.041425818882466284","7.5498458294797688","15.9885248305539417","3.8342967244701349",100
"2025-04-05","886","0.62302483069977426637","3.4621586769626093","0.45146726862302483070","0.03837471783295711061","0.02595936794582392777","0","0.010158013544018058","0.025959367945823927","0.025959367945823927","12.8901565823927765","20.4557167949476979","3.3634311512415350",100
"2025-04-04","952","0.57878151260504201681","3.3285072402704377","0.38550420168067226891","0.03256302521008403361","0.02310924369747899160","0","0.07563025210084033","0.02415966386554622","0.023109243697478993","11.0634481428571429","13.7833381410186418","3.1092436974789916",100
"2025-04-03","767","0.86310299869621903520","4.0590655098356334","0.49413298565840938722","0.05997392438070404172","0.03780964797913950456","0","0.020860495436766623","0.03780964797913951","0.03780964797913951","13.5923034745762712","18.2482303187232531","4.5893089960886571",100
"2025-04-02","582","0.82646048109965635739","3.9847973812594315","0.71134020618556701031","0.05498281786941580756","0.03951890034364261168","0","0.07903780068728522","0.041237113402061855","0.03951890034364261","8.2127043986254296","13.7583651004982170","4.3642611683848797",100
"2025-04-01","4947","0.10935920760056599960","1.5407811671591786","0.90984435011117849202","0.00929856478673943804","0.00667070952092177077","0","0.007681423084697796","0.007479280371942592","0.0066707095209217705","4.3105833555690317","9.1912056714476003","0.61855670103092783505",100
"2025-03-31","930","0.59354838709677419355","3.4241530016346267","0.76559139784946236559","0.03548387096774193548","0.02580645161290322581","0","0.021505376344086023","0.025806451612903226","0.025806451612903226","6.8748132612903226","13.1390073132924487","3.0322580645161290",100
"2025-03-30","374","0.60695187165775401070","4.4188306306589270","0.47593582887700534759","0.02941176470588235294","0.00267379679144385027","0","0.0481283422459893","0.01871657754010695","0.00267379679144385","13.0681569518716578","23.7423979190107817","2.7807486631016043",100
"2025-03-29","721","0.38002773925104022191","3.0381537703945794","0.60055478502080443828","0.02496532593619972261","0.01386962552011095700","0","0.009708737864077669","0.015256588072122053","0.013869625520110958","8.2470173231622746","11.7957419391093145","1.9972260748959778",100
"2025-03-28","674","0.39910979228486646884","3.2323677523744799","0.43323442136498516320","0.01335311572700296736","0.00741839762611275964","0","0.019287833827893175","0.008902077151335312","0.00741839762611276","11.6022924109792285","16.7862481904872468","2.1364985163204748",100
"2025-03-27","1085","0.15207373271889400922","1.7298944772174829","0.61013824884792626728","0.00552995391705069124","0.00552995391705069124","0","0.011059907834101382","0.005529953917050691","0.005529953917050691","9.8739174488479263","17.9863104646588836","0.95852534562211981567",100
"2025-03-26","1009","0.22695738354806739346","2.5430864026916294","0.50445986124876114965","0.01585728444003964321","0.00495540138751238850","0","0.03270564915758176","0.007928642220019821","0.004955401387512388","15.8828745797819623","21.2663392526892879","1.0703666997026759",100
"2025-03-25","543","0.57090239410681399632","4.1215436728139952","0.23572744014732965009","0.02209944751381215470","0.00920810313075506446","0","0.049723756906077346","0.014732965009208104","0.009208103130755065","18.3934518784530387","17.2396724118496875","2.6519337016574586",100
"2025-03-24","666","0.33933933933933933934","2.9834907418123765","0.76126126126126126126","0.00900900900900900901","0.00300300300300300300","0","0.052552552552552555","0.006006006006006006","0.003003003003003003","8.1023089594594595","13.5154186956908344","1.9519519519519520",100
"2025-03-23","772","0.35880829015544041451","3.1911864082380306","0.62564766839378238342","0.01554404145077720207","0.00906735751295336788","0","0.015544041450777202","0.012953367875647668","0.009067357512953367","8.2689577823834197","13.7302117904525954","1.5544041450777202",100
"2025-03-22","1508","0.29111405835543766578","2.5382542277072571","0.72281167108753315650","0.01193633952254641910","0.00928381962864721485","0","0.016578249336870028","0.011273209549071617","0.009283819628647215","6.4170917798408488","13.4976108740327613","1.4787798408488064",100
"2025-03-21","555","0.23603603603603603604","2.5099366710261588","0.45585585585585585586","0.00900900900900900901","0.00360360360360360360","0","0.025225225225225224","0.005405405405405406","0.0036036036036036037","9.4496867819819820","13.9554576637788511","1.3333333333333333",100
"2025-03-20","720","0.33888888888888888889","2.8551763769352421","0.71944444444444444444","0.01250000000000000000","0.00972222222222222222","0","0.025","0.011111111111111112","0.009722222222222222","6.0892145847222222","10.5311989341924729","1.9722222222222222",100
"2025-03-19","747","0.30655957161981258367","2.5609979042452069","0.70682730923694779116","0.01606425702811244980","0.00937081659973226238","0","0.0107095046854083","0.013386880856760375","0.009370816599732263","7.5334370749665328","15.7127923637482504","2.3828647925033467",100
"2025-03-18","1939","0.21918514698298091800","2.3033432775304247","0.91284167096441464673","0.01444043321299638989","0.00618875709128416710","0","0.016503352243424446","0.007220216606498195","0.006188757091284167","4.0004614724084580","7.8929246153097322","1.0469314079422383",100
"2025-03-17","660","0.55909090909090909091","3.6812891649326411","0.69696969696969696970","0.04090909090909090909","0.01818181818181818182","0","0.07121212121212121","0.021212121212121213","0.01818181818181818","7.2676169318181818","12.6881750178668500","2.8787878787878788",100
"2025-03-16","26219","0.57389679240245623403","2.2233373309518778","0.98588809641862771273","0.13871619817689461841","0.13768641061825393798","0","0.03882680498874862","0.13783897173805257","0.13768641061825393","3.2408076251191884","6.3620679135601325","8.6292383386094054",100
"2025-03-15","62664","1.5004947019022086","4.8824033640148712","0.99071237073918039065","0.18813034597216902847","0.15704391676241542193","0","0.03488446316864548","0.15710774926592622","0.15704391676241541","3.9585770709338695","7.1294289492278133","11.7378399080811949",100
"2025-03-14","64035","1.03940032794565472007","3.9359657147359804","0.98800655891309440150","0.14503006168501600687","0.14004841102522058249","0","0.044381978605450144","0.1401108768642149","0.1400484110252206","3.5099177122511127","6.8483926628102001","9.7421722495510268",100
"2025-03-13","62998","1.5359217752944538","5.0241574125697735","0.98674561097177688181","0.17678338994888726626","0.15219530778754881107","0","0.03420743515667164","0.1523540429854916","0.1521953077875488","4.1759543483443919","8.0738762057674925","11.5241753706466872",100
"2025-03-12","54115","1.08068003326249653516","4.0963823048045264","0.98000554374942252610","0.14419292247990390834","0.12985309064030305830","0","0.03324401737041486","0.12990852813452833","0.12985309064030306","3.9019869529520466","7.6635755706432224","9.3212602790353876",100
"2025-03-11","43394","0.79630824537954555929","3.0872388073444177","0.97813061713600958658","0.15278609946075494308","0.14098723325805410886","0","0.03143291699313269","0.14105636723971057","0.1409872332580541","3.5834891199244135","7.1100412188266072","9.3086601834354980",100
"2025-03-10","46473","0.93415531598992963656","3.5698599245541185","0.98321606093860951520","0.15482107890603145913","0.13954339078604781271","0","0.022464656897553417","0.1396079443978224","0.1395433907860478","3.7157300256062660","7.1755148038489427","9.5388720332235922",100
"2025-03-09","44318","0.87819847466040886322","3.4319909121657998","0.97229116837402409856","0.14605803510988763031","0.13646825217744483054","0","0.02594882440543346","0.13651338056771514","0.13646825217744482","3.8813856338282413","7.1619284485768858","9.2292070941829505",100
"2025-03-08","37862","0.96658919233004067403","3.8308740350589413","0.98169668797210923881","0.13432993502720405684","0.12344831229200781786","0","0.033410807669959325","0.12355395911467963","0.12344831229200781","3.7214421392161006","7.3480035436524534","8.7396334055253288",100
"2025-03-07","37589","1.1377264625289313","4.2557574511493097","0.96823538801245045093","0.14565431376200484184","0.12524940807151028226","0","0.03554231291069196","0.1253026151267658","0.12524940807151028","4.1875299974992684","8.6344758751530334","9.2141317938758679",100
"2025-03-06","44437","1.11872988725611539933","4.2288790978916030","0.98670027229560951459","0.14213380741274163422","0.12401827306073767356","0","0.043589801291716364","0.12406328059950042","0.12401827306073768","3.6411466717375160","6.3439374177615482","9.0942232823998020",100
"2025-03-05","42373","1.4202440233167347","4.8381032788721930","0.98574563991220824582","0.16574233592145941991","0.13728081561371628159","0","0.03452670332523069","0.13737521534939703","0.13728081561371627","3.9061149485285441","7.2488131985177303","10.4958346116630873",100
"2025-03-04","43206","0.82886636115354348933","3.3848428216890786","0.98310419849095033097","0.13433319446373188909","0.12433458315974633153","0","0.028236818960329584","0.1243808730268944","0.12433458315974633","3.5746958442345970","7.4170231575359986","8.4826181548858955",100
"2025-03-03","39890","0.85838556029079969917","3.6310484054888889","0.98357984457257458010","0.12150915016294810730","0.19160190523940837303","0","0.017874153923289046","0.10381047881674606","0.10373527199799448","3.6412106704186513","7.9501635919306839","7.4848332915517674",100
"2025-03-02","41884","1.02631076305987966765","3.9996627533114009","0.97848820552000764015","0.13857320217744246013","0.24228822462038009741","0","0.02824467577117754","0.12121573870690479","0.12114411231019005","3.8620532385397765","7.7263168271584560","8.7656384299493840",100
"2025-03-01","45101","1.7261701514378839","5.5164503058731147","0.98332631205516507395","0.16571694640917052837","0.25693443604354670628","0","0.0332808585175495","0.12864459768076095","0.12846721802177336","4.1919907712467573","7.9067470236019914","10.7223786612270238",100
"2025-02-28","46987","1.3779130397769596","4.7729765377884289","0.98316555643050205376","0.15895886096154255432","0.27471428267393108732","0","0.01651520633366676","0.13754868367846426","0.13735714133696555","4.0643056759529231","8.5008900920009093","10.3824462085257624",100
"2025-02-27","45455","1.09378506214937850621","3.9295597172502819","0.98512814871851281487","0.16587834121658783412","0.37637223627763722363","0","0.021075789242107578","0.15820041799582005","0.15811241887581123","3.7025716511274887","7.2258508213828780","10.8344516554834452",100
"2025-02-26","43442","1.5382579070945168","4.9887581439516743","0.97826987707748262051","0.18196676027807191197","0.47263017356475300401","0","0.03742921596611574","0.15765848717830672","0.157543391188251","4.2374750018645550","8.7006730111877764","11.8318677777266240",100
"2025-02-25","37239","1.3702569886409409","4.5156895586073352","0.98367303096216332340","0.19409758586428206987","0.50551840812051881092","0","0.025752571229087785","0.1686135503101587","0.16850613604017295","3.9773259923198797","8.2466512407825516","12.0701415183007062",100
"2025-02-24","41580","1.09396344396344396344","3.8439455988304147","0.98590668590668590669","0.17873977873977873978","0.49372294372294372294","0","0.029653679653679654","0.16467051467051466","0.16457431457431457","3.7599186249639250","8.2582302619106117","11.2303992303992304",100
"2025-02-23","39461","1.1105395200324371","3.9190032641256545","0.98606218798307189377","0.17668077342185955754","0.48959732394009274980","0","0","0.1633511568383974","0.16319910798003093","3.5586445235802438","6.9829653487365657","11.1882618281341071",100
"2025-02-22","42088","1.02250047519482988025","3.6212692120520492","0.98866660330735601597","0.17824558068808211367","0.49531933092567952861","0","0","0.16517772286637522","0.16510644364189317","3.4055401755607299","6.3476738648624245","11.1019768104923018",100
"2025-02-21","15300","0.89411764705882352941","3.2891512017089552","0.97875816993464052288","0.17111111111111111111","0.48333333333333333333","0","0","0.16163398692810457","0.16111111111111112","3.8219076987581699","9.7426292755533420","10.6522875816993464",100
"2025-02-20","572","0.56993006993006993007","3.8204452288201576","0.48426573426573426573","0.02622377622377622378","0.04195804195804195804","0","0","0.017482517482517484","0.013986013986013986","19.1248607080419580","30.6542647753765160","2.7972027972027972",100
"2025-02-19","485","0.62061855670103092784","3.8537825720277545","0.36082474226804123711","0.02474226804123711340","0.06185567010309278351","0","0","0.02268041237113402","0.020618556701030927","14.4436563773195876","18.1148243551959190","2.8865979381443299",100
"2025-02-18","570","0.49824561403508771930","3.3460356748634288","0.42631578947368421053","0.01578947368421052632","0.03684210526315789474","0","0","0.014035087719298246","0.012280701754385965","24.6613240649122807","29.1526667463436663","2.7017543859649123",100
"2025-02-17","609","0.84729064039408866995","5.0479278626489551","0.45977011494252873563","0.03612479474548440066","0.03448275862068965517","0","0","0.026272577996715927","0.016420361247947456","13.8820532446633826","19.8566631350011213","3.6453201970443350",100
"2025-02-16","733","0.16234652114597544338","1.7523133671206349","0.18417462482946793997","0.00545702592087312415","0.01091405184174624829","0","0","0.005457025920873124","0.005457025920873124","23.1074454815825375","19.7640563237676324","0.84583901773533424284",100
"2025-02-15","709","0.22284908321579689704","2.3622471600725973","0.31452750352609308886","0.00846262341325811001","0.00846262341325811001","0","0","0.007052186177715092","0.004231311706629055","18.1801593215796897","19.9857383579826300","1.1283497884344147",100
"2025-02-14","1291","0.20836560805577072037","2.2278974082250662","0.37800154918667699458","0.00774593338497288923","0.01239349341595662277","0","0","0.006971340046475601","0.006196746707978312","21.7491413508907823","20.0688028565715878","1.1463981409759876",100
"2025-02-13","720","0.48611111111111111111","3.1472577000863130","0.60555555555555555556","0.01944444444444444444","0.03888888888888888889","0","0","0.019444444444444445","0.019444444444444445","10.5186280166666667","18.6254111667054495","2.5000000000000000",100
"2025-02-12","548","0.66605839416058394161","4.0580541905904277","0.43795620437956204380","0.03832116788321167883","0.04014598540145985401","0","0","0.023722627737226276","0.020072992700729927","15.8314016332116788","19.2311934692629591","3.3941605839416058",100
"2025-02-11","943","0.28844114528101802757","2.6007397299160613","0.72534464475079533404","0.01378579003181336161","0.01696712619300106045","0","0","0.01166489925768823","0.008483563096500531","9.8080645715800636","19.8290695532707750","1.5058324496288441",100
"2025-02-10","4","0.00000000000000000000","0","0.25000000000000000000","0.00000000000000000000","0.00000000000000000000","0","0","0","0","1.02257225000000000000","1.3702983463811509","0.00000000000000000000",0
"2025-02-06","551","0.24500907441016333938","2.0967176837552668","0.25771324863883847550","0.01088929219600725953","0.02177858439201451906","0","0","0.010889292196007259","0.010889292196007259","17.7549887949183303","13.4620300724310472","1.8874773139745917",100
"2025-02-05","586","0.68430034129692832765","3.8817115713710779","0.42320819112627986348","0.02901023890784982935","0.05119453924914675768","0","0","0.027303754266211604","0.025597269624573378","15.1109090511945392","19.1095164527067920","3.4129692832764505",100
"2025-02-04","699","0.63948497854077253219","4.4165536186236938","0.36623748211731044349","0.03862660944206008584","0.01716738197424892704","0","0","0.01859799713876967","0.008583690987124463","19.6808758340486409","20.4510711708736220","2.9756795422031474",100
"2025-02-03","511","0.38356164383561643836","3.2740278957835801","0.17416829745596868885","0.02739726027397260274","0.00782778864970645793","0","0","0.009784735812133072","0.003913894324853229","18.3731860332681018","18.8350187473613438","1.9569471624266145",100
"2025-02-02","535","0.51588785046728971963","3.3835952980457018","0.48224299065420560748","0.02429906542056074766","0.02616822429906542056","0","0","0.018691588785046728","0.013084112149532711","14.7143309626168224","19.6088859689411932","2.7289719626168224",100
"2025-02-01","528","0.15719696969696969697","1.6598579369923477","0.42803030303030303030","0.02272727272727272727","0.01515151515151515152","0","0","0.011363636363636364","0.007575757575757576","10.7556199905303030","14.2908842692635992","1.3257575757575758",100
"2025-01-31","484","0.28305785123966942149","2.3609228440877376","0.32024793388429752066","0.01033057851239669421","0.02066115702479338843","0","0","0.010330578512396695","0.010330578512396695","11.0149910888429752","11.8771619881067723","1.3223140495867769",100
"2025-01-30","818","0.51466992665036674817","3.3198199286230107","0.36919315403422982885","0.03422982885085574572","0.04400977995110024450","0","0","0.023227383863080684","0.022004889975550123","16.9491209376528117","15.9004823249375631","2.9095354523227384",100
"2025-01-29","524","0.73854961832061068702","4.4749528764110221","0.59160305343511450382","0.04198473282442748092","0.04961832061068702290","0","0","0.030534351145038167","0.02480916030534351","8.3593510133587786","15.7644093719826914","3.7404580152671756",100
"2025-01-28","775","0.74580645161290322581","4.3053544979097251","0.72129032258064516129","0.03612903225806451613","0.03870967741935483871","0","0","0.025806451612903226","0.01935483870967742","6.6851226490322581","11.8000247496840553","3.6129032258064516",100
"2025-01-27","240","1.3458333333333333","5.7326400970727482","0.49583333333333333333","0.06666666666666666667","0.05833333333333333333","0","0","0.041666666666666664","0.029166666666666667","13.2064413750000000","23.5993483818592502","6.6666666666666667",100
"2025-01-26","442","0.95475113122171945701","5.2612249124749688","0.64705882352941176471","0.04298642533936651584","0.03167420814479638009","0","0","0.024886877828054297","0.01583710407239819","13.0150749909502262","26.6851220180866343","4.5248868778280543",100
"2025-01-25","416","0.90865384615384615385","5.0215268753046476","0.65625000000000000000","0.05769230769230769231","0.04326923076923076923","0","0","0.03125","0.021634615384615384","8.6642570889423077","15.1463618955503720","4.3750000000000000",100
"2025-01-24","769","0.66189856957087126138","4.1410819131687642","0.52925877763328998700","0.04031209362808842653","0.03901170351105331599","0","0","0.02600780234070221","0.01950585175552666","14.2954098907672302","20.3893858467070305","3.0949284785435631",100
"2025-01-23","1225","0.83591836734693877551","4.8651773499971650","0.81224489795918367347","0.04408163265306122449","0.03428571428571428571","0","0","0.024489795918367346","0.017142857142857144","8.2751596089795918","19.2194345626575305","3.8775510204081633",100
"2025-01-22","734","0.73024523160762942779","4.4658150621106673","0.64032697547683923706","0.05313351498637602180","0.04087193460490463215","0","0","0.027247956403269755","0.020435967302452316","10.9210572765667575","18.1269203276478068","3.4877384196185286",100
"2025-01-21","972","0.98765432098765432099","5.2981013885377267","0.68004115226337448560","0.05555555555555555556","0.04732510288065843621","0","0","0.03292181069958848","0.023662551440329218","8.7151713045267490","17.5636078010939859","4.3209876543209877",100
"2025-01-20","745","0.92885906040268456376","5.1338573513523009","0.71409395973154362416","0.06845637583892617450","0.04563758389261744966","0","0","0.032214765100671144","0.022818791946308724","9.1287956832214765","17.4112371831731857","4.3221476510067114",100
"2025-01-19","456","1.0482456140350877","5.6550937063370797","0.61622807017543859649","0.04605263157894736842","0.03508771929824561404","0","0","0.03070175438596491","0.017543859649122806","9.7068183311403509","18.0207905876116010","4.6052631578947368",100
"2025-01-18","363","1.1267217630853994","5.7498908946886464","0.43801652892561983471","0.04683195592286501377","0.03856749311294765840","0","0","0.03305785123966942","0.01928374655647383","13.0735238457300275","22.6411192896120659","5.0688705234159780",100
"2025-01-17","602","0.78571428571428571429","4.5670011392326494","0.73920265780730897010","0.03654485049833887043","0.04651162790697674419","0","0","0.03156146179401993","0.023255813953488372","8.9420391063122924","17.4246751607880841","3.7209302325581395",100
"2025-01-16","591","0.71065989847715736041","4.4400952124925555","0.61252115059221658206","0.03045685279187817259","0.03722504230118443316","0","0","0.023688663282571912","0.018612521150592216","11.6630163231810491","24.3303013399203411","3.1133671742808799",100
"2025-01-15","785","0.75031847133757961783","4.5035505296306420","0.67388535031847133758","0.04331210191082802548","0.04585987261146496815","0","0","0.02802547770700637","0.022929936305732482","7.9822822942675159","14.7291505962963801","3.3375796178343949",100
"2025-01-14","597","0.74874371859296482412","4.2069596296077332","0.62981574539363484087","0.03685092127303182580","0.04690117252931323283","0","0","0.02680067001675042","0.023450586264656615","7.6367051507537688","14.1716481834023490","3.8190954773869347",100
"2025-01-13","689","0.96081277213352685051","4.9211725100147635","0.74310595065312046444","0.05950653120464441219","0.05515239477503628447","0","0","0.036284470246734396","0.027576197387518143","8.8473788998548621","19.4432838340915881","4.5573294629898403",100
"2025-01-12","702","0.54273504273504273504","3.1541965227780600","0.71652421652421652422","0.02991452991452991453","0.03988603988603988604","0","0","0.021367521367521368","0.019943019943019943","7.8762156168091168","15.1557260281777793","2.9344729344729345",100
"2025-01-11","873","0.74684994272623138603","4.6153729258488774","0.75945017182130584192","0.04238258877434135166","0.03894616265750286369","0","0","0.027491408934707903","0.019473081328751432","9.6812152210767468","22.4468840528752861","3.7800687285223368",100
"2025-01-10","844","0.34834123222748815166","3.2422162794908355","0.52369668246445497630","0.01895734597156398104","0.01184834123222748815","0","0","0.011848341232227487","0.005924170616113744","10.4886077950236967","19.8632196160207332","1.6113744075829384",100
"2025-01-09","649","0.44530046224961479199","3.4422726500883224","0.56240369799691833590","0.01694915254237288136","0.01848998459167950693","0","0","0.012326656394453005","0.009244992295839754","11.9008638027734977","22.2758164341253409","2.0955315870570108",100
"2025-01-08","750","0.70266666666666666667","4.4341638032140702","0.71200000000000000000","0.05866666666666666667","0.03466666666666666667","0","0","0.025333333333333333","0.017333333333333333","9.3651497546666667","17.7729427645602518","3.4933333333333333",100
"2025-01-07","1072","0.55317164179104477612","3.4510001008405931","0.61753731343283582090","0.03358208955223880597","0.04291044776119402985","0","0","0.022388059701492536","0.021455223880597014","7.4874543264925373","12.1015484992646173","2.7798507462686567",100
"2025-01-06","827","0.62877871825876662636","3.9664200450756009","0.61910519951632406288","0.02660217654171704958","0.02902055622732769045","0","0","0.019347037484885126","0.014510278113663845","9.7663083615477630","16.9793389311028515","3.1922611850060459",100
"2025-01-05","667","0.97901049475262368816","5.3389196738360354","0.66866566716641679160","0.04497751124437781109","0.02698650674662668666","0","0","0.025487256371814093","0.013493253373313344","12.0447849370314843","25.0135221169830296","4.4977511244377811",100
"2025-01-04","675","0.73777777777777777778","4.5184400728994712","0.64148148148148148148","0.04444444444444444444","0.03259259259259259259","0","0","0.023703703703703703","0.016296296296296295","9.9484743911111111","19.6893612722917177","3.6444444444444444",100
"2025-01-03","946","0.82875264270613107822","4.6920238442086628","0.68181818181818181818","0.04016913319238900634","0.04651162790697674419","0","0","0.02854122621564482","0.023255813953488372","8.3209646585623679","18.9431262454313280","3.6997885835095137",100
"2025-01-02","537","1.0689013035381750","5.7640889449453185","0.54003724394785847300","0.05214152700186219739","0.02234636871508379888","0","0","0.0260707635009311","0.0111731843575419","12.8559380744878957","24.4919224972384596","5.1769087523277467",100
"2025-01-01","1298","0.47765793528505392912","3.7539855027780880","0.78351309707241910632","0.03389830508474576271","0.02003081664098613251","0","0","0.014637904468412942","0.010015408320493066","6.9402725554699538","16.0487192749140233","2.2342064714946071",100
"2024-12-31","409","1.3545232273838631","6.3074019176719905","0.50855745721271393643","0.06845965770171149144","0.03422982885085574572","0","0","0.03667481662591687","0.017114914425427872","12.9725315378973105","22.9197513984277706","6.2591687041564792",100
"2024-12-30","644","0.91614906832298136646","5.0489781621266794","0.59006211180124223602","0.06366459627329192547","0.04347826086956521739","0","0","0.03260869565217391","0.021739130434782608","8.4613743711180124","13.1142534988406724","4.5341614906832298",100
"2024-12-29","276","0.62318840579710144928","4.3202742312803577","0.22101449275362318841","0.02536231884057971014","0.00724637681159420290","0","0","0.010869565217391304","0.0036231884057971015","13.1233848405797101","16.8072682672797629","3.1159420289855072",100
"2024-12-28","223","0.37219730941704035874","3.3166978743507009","0.22421524663677130045","0.04035874439461883408","0.00896860986547085202","0","0","0.008968609865470852","0.004484304932735426","17.9057915560538117","28.4803778521689222","2.2421524663677130",100
"2024-12-27","268","1.4402985074626866","7.0450781757422580","0.21641791044776119403","0.05223880597014925373","0.00000000000000000000","0","0","0.026119402985074626","0","19.1959189291044776","27.7602122931146611","6.4925373134328358",100
"2024-12-26","180","1.1722222222222222","6.1922916178962098","0.20555555555555555556","0.05555555555555555556","0.00000000000000000000","0","0","0.027777777777777776","0","17.0731872111111111","24.9872964374931764","5.6666666666666667",100
"2024-12-25","260","1.2576923076923077","6.5641281551915512","0.21538461538461538462","0.04230769230769230769","0.00000000000000000000","0","0","0.019230769230769232","0","16.0849952000000000","20.7836023506594422","5.3846153846153846",100
"2024-12-24","138","0.26086956521739130435","1.7312260868772978","0.10144927536231884058","0.00000000000000000000","0.00000000000000000000","0","0","0","0","15.3884514202898551","17.4592185670887059","2.1739130434782609",100
"2024-12-03","845","0.70059171597633136095","3.6290118679344407","0.73136094674556213018","0.05680473372781065089","0.00000000000000000000","0","0","0.03195266272189349","0","10.6365190094674556","25.5727930350574853","3.9289940828402367",100
"2024-12-02","1200","0.63083333333333333333","3.5810011095145134","0.85166666666666666667","0.04083333333333333333","0.00000000000000000000","0","0","0.029166666666666667","0","6.9896932408333333","17.8801417179155891","3.1333333333333333",100
"2024-12-01","575","0.32521739130434782609","2.4602003926148884","0.69043478260869565217","0.02782608695652173913","0.00000000000000000000","0","0","0.017391304347826087","0","12.7630357808695652","26.2978946001198867","1.9478260869565217",100
"2024-11-30","489","0.04907975460122699387","0.42662919624093421588","0.66666666666666666667","0.00817995910020449898","0.00000000000000000000","0","0","0.0081799591002045","0","12.5228329591002045","26.4604164189993830","1.3905930470347648",100
"2024-11-29","681","0.02055800293685756241","0.28104894894704937827","0.72834067547723935389","0.00440528634361233480","0.00000000000000000000","0","0","0.004405286343612335","0","8.1015781336270191","18.7384620251250991","0.52863436123348017621",100
"2024-11-28","664","0.00602409638554216867","0.07743925381133561452","0.74096385542168674699","0.00150602409638554217","0.00000000000000000000","0","0","0.0015060240963855422","0","8.4223976762048193","17.9270616693895122","0.12048192771084337349",40
"2024-11-27","746","0.02546916890080428954","0.48399357390886933041","0.70107238605898123324","0.00000000000000000000","0.00000000000000000000","0","0","0","0","10.6482103056300268","20.7574064868878742","0.45576407506702412869",100
"2024-11-26","627","0.00956937799043062201","0.09743174666851488694","0.67304625199362041467","0.00159489633173843700","0.00000000000000000000","0","0","0.001594896331738437","0","12.6803097384370016","24.3543929982459286","0.38277511961722488038",40
"2024-11-25","635","0.02834645669291338583","0.45885910461239641424","0.70078740157480314961","0.00157480314960629921","0.00000000000000000000","0","0","0.0015748031496062992","0","11.7109514850393701","25.7289241556487782","0.47244094488188976378",100
"2024-11-24","540","0.03518518518518518519","0.42275595814981907803","0.68333333333333333333","0.00740740740740740741","0.00000000000000000000","0","0","0.007407407407407408","0","9.3566073796296296","22.4667576851371595","0.62962962962962962963",60
"2024-11-23","506","0.04545454545454545455","0.80586285526393969348","0.63438735177865612648","0.00197628458498023715","0.00000000000000000000","0","0","0.001976284584980237","0","11.1808065415019763","22.7747085507798837","0.59288537549407114625",100
"2024-11-22","421","0.03087885985748218527","0.24200833723267789811","0.56532066508313539192","0.00712589073634204276","0.00000000000000000000","0","0","0.007125890736342043","0","15.4589749904988124","28.5832189535686911","1.0451306413301663",60
"2024-11-21","219","0.19178082191780821918","1.3476878015535357","0.42465753424657534247","0.00456621004566210046","0.00000000000000000000","0","0","0.0045662100456621","0","12.1868941506849315","19.8615853803864003","2.7397260273972603",100
"2024-11-20","267","0.03370786516853932584","0.18081508451324138435","0.57677902621722846442","0.00000000000000000000","0.00000000000000000000","0","0","0","0","7.5644593745318352","12.7305266992832718","1.3483146067415730",40
"2024-11-19","225","0.08444444444444444444","0.39751210423818922482","0.56000000000000000000","0.00888888888888888889","0.00000000000000000000","0","0","0.008888888888888889","0","11.1502494622222222","21.1595975588700588","3.0222222222222222",100
"2024-11-18","237","0.10548523206751054852","1.4326147559535673","0.59493670886075949367","0.00843881856540084388","0.00000000000000000000","0","0","0.008438818565400843","0","10.3887469915611814","24.5023897227922487","0.92827004219409282700",100
"2024-11-17","35","3.0000000000000000","7.4715145326610124","0.97142857142857142857","0.14285714285714285714","0.00000000000000000000","0","0","0.11428571428571428","0","4.5457501428571429","6.1396302119811223","14.2857142857142857",100
"2024-11-16","1725","1.7988405797101449","5.8236455801241799","0.91652173913043478261","0.14840579710144927536","0.00000000000000000000","0","0","0.08927536231884058","0","8.5971983820289855","23.8102969704422934","8.7768115942028986",100
"2024-11-15","1282","0.34321372854914196568","2.7273996387712200","0.87987519500780031201","0.01638065522620904836","0.00000000000000000000","0","0","0.01638065522620905","0","15.2189970998439938","36.1287046207995409","1.5600624024960998",100
"2024-11-14","5544","0.71807359307359307359","3.7490836940761203","0.90945165945165945166","0.06349206349206349206","0.00000000000000000000","0","0","0.03499278499278499","0","10.1930632711038961","27.7206149117251781","3.5714285714285714",100
"2024-11-13","6077","0.65690307717623827546","3.5542824107755510","0.90719104821457956228","0.06565739674181339477","0.00000000000000000000","0","0","0.03307553068948494","0","10.3190248660523285","27.7391870972750575","3.3371729471778838",100
"2024-11-12","4878","0.63468634686346863469","3.4551228505313426","0.91184911849118491185","0.06888068880688806888","0.00000000000000000000","0","0","0.038130381303813035","0","10.0085646760967610","27.5163418497076051","3.5178351783517835",100
"2024-11-11","4855","0.86508753861997940268","4.1300109676453708","0.89927909371781668383","0.07106076210092687951","0.00000000000000000000","0","0","0.042224510813594233","0","11.6176587349124614","30.0475101263300989","4.2389289392378991",100
"2024-11-10","4470","1.0111856823266219","4.5012477004236482","0.87874720357941834452","0.07069351230425055928","0.00000000000000000000","0","0","0.04854586129753915","0","13.3895664239373602","32.0097040005857673","4.8456375838926174",100
"2024-11-09","5546","1.1700324558240173","4.8120426665539270","0.90966462315182113235","0.08492607284529390552","0.00000000000000000000","0","0","0.056617381896862606","0","11.0008071779661017","28.5495828708350704","5.6401009736747205",100
"2024-11-08","5972","1.1584058941728064","4.8195741266252206","0.92213663764233087743","0.07669122572002679169","0.00000000000000000000","0","0","0.05475552578700603","0","8.6827180750167448","24.1164089109303523","5.4922973878097790",100
"2024-11-07","6316","1.3093730208993034","5.0840829521475300","0.90516149461684610513","0.08787207093096896770","0.00000000000000000000","0","0","0.06713109563014566","0","10.2652208253641545","26.6763189281991756","6.4661177960734642",100
"2024-11-06","8105","1.5549660703269587","5.5763984321243830","0.91819864281307834670","0.08130783466995681678","0.00000000000000000000","0","0","0.08130783466995682","0","9.6298892861196792","25.6798608209673526","7.6224552745219001",100
"2024-11-05","5731","1.2542313732332926","4.9856090437761002","0.89495725004362240447","0.07433257721165590647","0.00000000000000000000","0","0","0.07328563950444948","0","10.7075636021636713","27.4481476649921827","6.5712790088989705",100
"2024-11-04","7112","1.4181664791901012","5.3751457076317011","0.91127671541057367829","0.06791338582677165354","0.00000000000000000000","0","0","0.06749156355455568","0","9.9636315721316085","25.7837875619024109","6.6169853768278965",100
"2024-11-03","9345","1.1807383627608347","4.8938620535258419","0.92648475120385232745","0.06324237560192616372","0.00000000000000000000","0","0","0.06142322097378277","0","8.9955005307651150","24.7390689165514885","5.8084537185660781",100
"2024-11-02","4788","1.3118212197159566","5.1456222795720661","0.91541353383458646617","0.06766917293233082707","0.00000000000000000000","0","0","0.06558061821219716","0","8.6987593462823726","23.4085460820253041","6.3408521303258145",100
"2024-11-01","1539","1.8310591293047433","6.0615651249806610","0.81156595191682910981","0.08447043534762833008","0.00000000000000000000","0","0","0.08382066276803118","0","13.0849079259259259","27.9805014722954087","8.2781026640675763",100
