snapshot_asn,snapshot_country,snapshot_ip_type,session_count,days_active,avg_commands,avg_duration_sec,total_downloads,total_ssh_injections,asn_concentration,countries_per_asn
45102,CN,,190670,218,1.1323805527875387,4.2473021674621073,28250,38077,0.13679495034573601810,1
14061,US,,97060,216,0.87468576138471048836,3.6078217128683289,10782,14889,0.06963506519408998750,1
8075,US,,41575,216,1.09053517739025856885,2.7710726206374023,5658,7748,0.02982771312017608933,1
16276,FR,,36408,162,1.04496264557240166996,2.2204562832893869,4798,6747,0.02612068260443466170,1
136052,ID,,34369,182,1.04870668334836626029,4.2944095284122320,4183,5809,0.02465781532717575500,1
327934,TN,,29689,58,1.0645020041092661,2.4683060445282765,4450,6171,0.02130017979133873520,1
396982,US,,28670,216,1.0671782350889431,3.3695028016393443,3753,5292,0.02056910487445456359,1
4766,KR,,27395,221,0.86150757437488592809,7.3460762965869684,2962,4049,0.01965436442398614473,1
7922,US,,22287,156,1.03782474088033382689,2.7392452416206757,3184,3549,0.01598966307418796159,1
24186,IN,,19497,59,1.0868851618197671,4.4623311883366672,2943,4292,0.01398799573551589209,1
135377,HK,,17601,174,0.87960911311857280836,6.0819357458098972,1643,2482,0.01262772287740756099,1
198953,RU,,16623,26,0.00493292426156530109,6.2054074497984720,7,8,0.01192606314363649147,1
36352,US,,15121,146,1.14311222802724687521,2.2550313753058660,1927,2957,0.01084846302081016589,1
9829,IN,,13392,179,0.44646057347670250896,11.1302351185035842,736,1032,0.00960800322562593357,1
45102,XX,,13132,122,1.14186719463904964971,4.0426681828358209,1878,2449,0.00942146791807943247,1
55836,IN,,12869,53,1.12324189913746211827,4.4106820634081902,1960,2716,0.00923278028006124098,1
55933,HK,,11380,74,1.14859402460456942004,6.1196380956063269,1612,1777,0.00816450692261224045,1
7552,VN,,9412,121,1.1728644283892903,5.0687548317042074,1362,1824,0.00675257813318333981,1
36884,MA,,8928,46,1.0943100358422939,2.8495957362231183,1363,1848,0.00640533548375062238,1
13335,US,,8545,29,1.5159742539496782,3.8207995996489175,1448,1957,0.00613055462686481499,1
47890,GB,,8265,98,0.00338777979431336963,3.2443625923774955,0,0,0.00592967044950704458,1
132203,CN,,7933,101,1.0525652338333543,3.3039235735535107,789,1157,0.00569147921063997394,1
24309,IN,,7816,57,1.0823950870010235,3.8208159045547595,1149,1444,0.00560753832224404845,1
4760,HK,,7749,142,0.89611562782294489612,8.4166064635436831,944,1254,0.00555946960837629624,1
3209,DE,,7447,60,1.0337048475896334,2.3863556868537666,847,1152,0.00534280167422612958,1
61173,IR,,7349,87,1.0352428901891414,3.4268427821472309,853,1181,0.00527249221215090993,1
9498,IN,,7335,88,1.2227675528289025,4.1423155814587594,1048,1472,0.00526244800328302141,1
17625,IN,,7265,24,1.1577426015141087,3.5133278145905024,1134,1625,0.00521222695894357881,1
12389,RU,,6847,156,0.98670950781364101066,4.8671503199941580,858,1267,0.00491233557988805012,1
399804,US,,6484,36,1.2216224552745219,1.8137376607032696,971,1308,0.00465190359281351204,1
12876,FR,,6423,67,1.0840728631480617,2.3401299599875448,868,1317,0.00460813953988914063,1
18229,IN,,6377,48,1.1016151795515133,3.4757080421828446,925,1369,0.00457513713932322121,1
37061,KE,,6058,31,0.96814130075932651040,3.6012078060415979,897,1298,0.00434627266583347563,1
18403,VN,,5986,124,1.1807550952221851,4.5360573167390578,849,1128,0.00429461673451290609,1
1267,IT,,5808,63,1.5132575757575758,4.4944929567837466,1018,1448,0.00416691179319260918,1
30083,US,,5780,13,0.24031141868512110727,23.3326467425605536,184,484,0.00414682337545683214,1
36992,EG,,5679,30,1.0688501496742384,2.7441692486353231,829,1199,0.00407436158290992210,1
7713,ID,,5463,102,1.0973823906278602,4.5340154307157240,694,887,0.00391939378894821349,1
11426,US,,5340,41,1.1919475655430712,1.5944865932584270,827,1128,0.00383114823960890720,1
24560,IN,,5277,85,1.1730149706272503,4.8230095891605079,791,1286,0.00378594929970340886,1
4811,XX,,5265,29,0.44349477682811016144,52.0946200862298196,198,337,0.00377733997781664727,1
36925,MA,,5233,32,1.0223581119816549,2.4817658759793617,775,1055,0.00375438178611861637,1
3462,TW,,5080,208,1.4980314960629921,12.2710655669291339,641,718,0.00364461293206240610,1
14061,XX,,5046,75,0.57431629013079667063,2.5290792562425684,344,502,0.00362021985338324827,1
17762,IN,,5032,34,1.1603736089030207,3.7011704330286169,797,1067,0.00361017564451535975,1
23889,MU,,4923,32,1.0406256347755434,4.8216828840138127,711,1052,0.00353197430404394198,1
24757,ET,,4864,114,1.0789473684210526,5.4049893281250000,682,977,0.00348964513810069750,1
15802,AE,,4800,34,1.1435416666666667,4.1020102485416667,728,1034,0.00344372875470463569,1
135905,VN,,4799,70,1.0902271306522192,4.3553592729735362,658,1015,0.00344301131121407222,1
4134,CN,,4746,30,0.40834386852085967130,48.5694682597977244,150,277,0.00340498680621420854,1
270535,BR,,4562,21,1.1310828583954406,2.3061447612889084,721,1038,0.00327297720395053084,1
45820,IN,,4525,63,1.2941436464088398,4.6094778729281768,685,875,0.00324643179479968260,1
137542,BD,,4488,22,1.1448306595365419,4.1660278143939394,709,970,0.00321988638564883437,1
53667,US,,4462,52,1.1687584043030031,4.5692047218735993,593,787,0.00320123285489418426,1
142403,HK,,4455,107,1.0303030303030303,9.0503065497194164,444,578,0.00319621075046024000,1
45899,VN,,4438,136,1.0597115817936007,5.6138361640378549,564,806,0.00318401421112066108,1
138608,SG,,4431,78,1.0882419318438276,4.1958803805010156,502,701,0.00317899210668671682,1
21599,PA,,4318,30,1.0368226030569708,2.5848426104678092,653,909,0.00309792099225304519,1
7018,US,,4265,74,1.1327080890973036,3.6239597188745604,597,788,0.00305989648725318150,1
53006,BR,,4077,28,1.2384105960264901,3.1712222558253618,654,923,0.00292501711102724994,1
8447,AT,,4052,23,1.0488647581441264,2.6359587406219151,579,786,0.00290708102376316329,1
38584,PK,,3938,1,0.00101574403250380904,2.1495107963433215,0,0,0.00282529246583892820,1
132296,IN,,3862,23,1.2817193164163646,3.6227627509062662,621,814,0.00277076676055610480,1
41745,RU,,3648,27,0.06880482456140350877,1.8762000435855263,23,41,0.00261723385357552312,1
38712,BD,,3618,24,1.1799336650082919,4.2151688510226645,564,724,0.00259571054885861915,1
27715,BR,,3586,61,0.84634690462911321807,2.4602676550474066,362,427,0.00257275235716058825,1
268192,BR,,3558,24,0.95278246205733558179,2.7762812380550871,526,649,0.00255266393942481120,1
51167,DE,,3551,78,0.70487186707969586032,4.2355307803435652,276,389,0.00254764183499086694,1
37204,ZW,,3537,21,1.1328809725756291,3.9548468193384224,563,881,0.00253759762612297842,1
16735,BR,,3506,57,0.98916143753565316600,2.5885414284084427,498,1001,0.00251535687791551098,1
136284,IN,,3487,25,1.0582162317178090,3.8312861279036421,490,617,0.00250172545159480514,1
16509,US,,3474,209,0.19746689694876223374,2.3279086211859528,47,95,0.00249239868621748008,1
25820,CA,,3445,24,1.2940493468795356,4.0897799361393324,557,889,0.00247159282499113957,1
8193,UZ,,3433,35,0.96999708709583454704,3.0331796187008447,490,548,0.00246298350310437798,1
37282,NG,,3421,23,1.1163402513884829,4.1904853034200526,517,654,0.00245437418121761639,1
13649,US,,3412,16,0.78253223915592028136,1.4321672400351700,484,492,0.00244791718980254520,1
40021,US,,3383,31,0.49926101093703813184,1.7832739949748744,244,386,0.00242711132857620470,1
328198,UG,,3354,21,0.88968395945140131187,3.8812712832438879,496,650,0.00240630546734986419,1
17451,ID,,3279,39,1.3141201585849344,4.6336794159804819,506,593,0.00235249720555760426,1
18734,MX,,3245,17,1.2693374422187982,1.9408294456086287,529,773,0.00232810412687844642,1
9318,KR,,3176,110,0.97670025188916876574,3.6000895141687657,360,542,0.00227860052602956728,1
4837,CN,,3102,31,0.13313990973565441651,31.5356820428755642,32,69,0.00222550970772787081,1
139282,BD,,3081,22,1.1035378123985719,4.5922978464784161,479,713,0.00221044339442603803,1
37100,MU,,3002,21,1.0083277814790140,3.6920763427714857,471,606,0.00215376535867152424,1
150008,IN,,2956,30,1.2090663058186739,3.9084049218538566,464,470,0.00212076295810560481,1
215439,BG,,2948,22,1.1214382632293080,3.0548335732700136,438,540,0.00211502341018109709,1
8151,MX,,2918,112,1.3142563399588759,3.3941993886223441,402,501,0.00209350010546419311,1
12714,RU,,2891,33,1.4558976132826012,3.7119078021445866,484,820,0.00207412913121897954,1
3786,KR,,2874,118,0.90396659707724425887,5.0332089070981211,275,399,0.00206193259187940062,1
140469,ID,,2787,40,1.1051309651955508,3.7919368589881593,363,469,0.00199951500820037910,1
6400,DO,,2760,24,1.2510869565217391,1.9196828634057971,442,613,0.00198014403395516552,1
63949,SG,,2708,192,0.14549483013293943870,10.2043224940915805,31,48,0.00194283697244586530,1
31898,US,,2672,77,1.1489520958083832,3.2386354681886228,319,511,0.00191700900678558053,1
9430,IN,,2656,20,1.2518825301204819,4.1807252740963855,418,573,0.00190552991093656508,1
58946,BD,,2631,32,0.94222729000380083618,4.0884751938426454,375,628,0.00188759382367247844,1
45671,AU,,2586,15,1.2296983758700696,3.9167141345707657,385,562,0.00185530886659712248,1
12252,PE,,2564,44,0.99570982839313572543,2.3349263280031201,333,525,0.00183952510980472623,1
398101,US,,2528,32,1.2151898734177215,1.8886482939082278,408,486,0.00181369714414444146,1
270344,BR,,2518,26,1.0639396346306593,2.3620068752978554,396,532,0.00180652270923880681,1
37963,CN,,2471,26,0.34399028733306353703,13.2211395014164306,74,114,0.00177280286518232391,1
26496,US,,2455,36,1.1926680244399185,3.5672421653767821,375,583,0.00176132376933330846,1
8473,SE,,2400,63,1.0262500000000000,4.6861825545833333,309,374,0.00172186437735231784,1
20115,US,,2275,92,0.02857142857142857143,12.6786684527472527,4,8,0.00163218394103188462,1
38365,CN,,2268,27,0.33641975308641975309,58.4230957870370370,67,145,0.00162716183659794036,1
22884,MX,,2262,41,1.1251105216622458,1.8755613174182140,331,523,0.00162285717565455957,1
6713,MA,,2212,54,1.0565099457504521,2.6571195031645570,264,386,0.00158698500112638628,1
45090,CN,,2209,24,0.34087822544137618832,33.0664884028972386,55,97,0.00158483267065469588,1
398324,US,,2205,200,0.00000000000000000000,9.0695209133786848,0,0,0.00158196289669244202,1
17222,BR,,2151,32,1.1408647140864714,2.7072799786145979,300,404,0.00154322094820201487,1
8048,VE,,2147,94,0.63204471355379599441,7.1252977140195622,134,200,0.00154035117423976101,1
215590,LV,,2144,18,0.93750000000000000000,2.6072120410447761,315,469,0.00153819884376807061,1
5650,US,,2058,50,1.2259475218658892,2.3545194324586978,317,694,0.00147649870357961255,1
28360,BR,,2047,13,0.94040058622374206155,2.7116903160723009,286,301,0.00146860682518341443,1
18881,BR,,2038,37,1.1256133464180569,3.2698804102060844,325,383,0.00146214983376834324,1
7303,AR,,2035,91,1.0756756756756757,3.7919880604422604,232,302,0.00145999750329665284,1
4750,TH,,1997,44,1.0570856284426640,4.3815312694041062,263,324,0.00143273465065524114,1
6568,BO,,1996,53,1.0125250501002004,2.8186117469939880,206,283,0.00143201720716467767,1
13489,CO,,1966,51,1.1459816887080366,9.6906993479145473,285,458,0.00141049390244777370,1
136052,XX,,1897,49,1.0695835529783869,4.0925885840801265,204,282,0.00136099030159889456,1
41608,ES,,1888,30,1.1610169491525424,3.1283465752118644,277,254,0.00135453331018382337,1
3816,CO,,1878,47,1.0857294994675186,2.5251044813631523,238,296,0.00134735887527818871,1
8402,RU,,1834,19,0.01145038167938931298,2.6501848478735005,2,1,0.00131579136169339622,1
17726,KH,,1827,18,0.99452654625068418172,4.0630023721948550,278,397,0.00131076925725945196,1
137718,XX,,1771,25,0.32580463015245623941,63.1845802755505364,42,98,0.00127059242178789788,1
5384,AE,,1759,56,0.79647527003979533826,3.7505986435474702,226,341,0.00126198309990113629,1
9891,TH,,1740,33,1.0126436781609195,4.0960644522988506,213,295,0.00124835167358043044,1
17995,ID,,1739,28,1.0690051753881541,4.1885272409430707,254,479,0.00124763423008986697,1
45758,TH,,1709,64,1.2135751901696899,5.5293932322995904,237,496,0.00122611092537296300,1
27882,BO,,1702,41,1.4864864864864865,3.5617590393654524,244,313,0.00122108882093901874,1
12430,ES,,1682,39,1.0047562425683710,4.8878879833531510,228,372,0.00120673995112774942,1
3301,SE,,1658,124,0.60434258142340168878,9.2882827129071170,142,170,0.00118952130735422624,1
6327,CA,,1635,51,1.0281345565749235,2.2699846850152905,238,254,0.00117302010707126653,1
267575,BR,,1629,22,1.0448127685696746,2.6298060552486188,251,335,0.00116871544612788574,1
6147,PE,,1603,38,0.98128509045539613225,2.9707672320648784,205,256,0.00115006191537323563,1
134540,IN,,1599,21,1.2138836772983114,3.8561280112570356,244,439,0.00114719214141098176,1
8560,DE,,1547,46,1.1422107304460246,3.0830572747252747,193,348,0.00110988507990168154,1
203214,IQ,,1535,43,0.82214983713355048860,3.6028473198697068,205,285,0.00110127575801491995,1
23888,PK,,1534,55,0.08083441981747066493,12.1488758389830508,10,12,0.00110055831452435649,1
46606,US,,1507,43,1.1320504313205043,1.8696752455209025,154,274,0.00108118734027914291,1
38513,ID,,1506,38,1.1440903054448871,3.8144770378486056,212,219,0.00108046989678857945,1
4788,MY,,1492,97,1.1407506702412869,6.8550222828418231,182,282,0.00107042568792069093,1
3243,PT,,1487,43,1.1197041022192334,5.3667499119031607,200,379,0.00106683847046787360,1
29465,XX,,1469,31,0.49012933968686181076,8.2682583737236215,63,115,0.00105392448763773121,1
48715,IR,,1459,29,1.1315969842357779,3.1138714571624400,207,264,0.00104675005273209656,1
14593,US,,1442,25,0.63661581137309292649,10.2977251796116505,208,351,0.00103455351339251764,1
63526,BD,,1441,30,1.5170020818875781,4.6502609840388619,211,236,0.00103383606990195417,1
152826,XX,,1437,21,0.82185107863604732081,4.1648277320807237,206,229,0.00103096629593970031,1
40021,XX,,1419,15,0.83720930232558139535,2.4146755398167724,191,284,0.00101805231310955793,1
136170,ID,,1415,37,1.0664310954063604,3.7947877611307420,172,228,0.00101518253914730406,1
12479,ES,,1412,68,1.1388101983002833,3.8521771515580737,179,395,0.00101303020867561367,1
6128,US,,1396,81,0.62034383954154727794,3.6665510451289398,162,172,0.00100155111282659821,1
3269,IT,,1360,101,1.1816176470588235,8.6615576345588235,150,164,0.00097572314716631345,1
131423,VN,,1349,43,1.0889547813194959,4.5685680029651594,175,258,0.00096783126877011532,1
266841,VE,,1340,17,1.1313432835820896,1.9911534805970149,203,235,0.00096137427735504413,1
138163,BD,,1337,1,0.00074794315632011967,2.6593344031413613,0,0,0.00095922194688335373,1
51167,XX,,1326,41,0.94720965309200603318,2.9331671553544495,183,196,0.00095133006848715561,1
26210,BO,,1326,37,0.83634992458521870287,2.7952484087481146,181,260,0.00095133006848715561,1
4609,MO,,1323,49,0.26001511715797430083,22.7540433272864701,29,37,0.00094917773801546521,1
9299,PH,,1309,37,1.1252864782276547,3.7206575966386555,187,233,0.00093913352914757669,1
4811,CN,,1300,28,0.35461538461538461538,60.7952444653846154,36,60,0.00093267653773250550,1
204428,BG,,1271,30,0.00000000000000000000,6.6932191998426436,0,0,0.00091187067650616499,1
36903,MA,,1264,17,1.1677215189873418,2.8579962143987342,199,355,0.00090684857207222073,1
11492,US,,1256,29,0.98089171974522292994,3.2946935589171975,180,207,0.00090110902414771301,1
52468,PA,,1231,15,1.0593013809910642,2.1680828594638505,180,283,0.00088317293688362636,1
14593,BR,,1231,12,0.52396425670186839968,10.6607539569455727,163,257,0.00088317293688362636,1
45117,IN,,1211,34,1.3047068538398018,3.9310383567299752,188,235,0.00086882406707235705,1
9335,TH,,1202,32,1.1705490848585691,4.1577826081530782,167,203,0.00086236707565728585,1
202468,IR,,1144,34,1.4667832167832168,3.5373304781468531,176,201,0.00082075535320460484,1
142002,SG,,1142,46,0.88704028021015761821,3.8337716155866900,116,161,0.00081932046622347791,1
213438,GB,,1139,99,0.00000000000000000000,117.2902162660228270,0,0,0.00081716813575178751,1
49870,NL,,1125,27,0.03911111111111111111,1.2272247360000000,2,5,0.00080712392688389899,1
151858,VN,,1118,38,0.72629695885509838998,3.3588551109123435,127,184,0.00080210182244995473,1
401120,XX,,1106,64,0.06871609403254972875,6.1713391844484629,38,9,0.00079349250056319314,1
29447,FR,,1101,8,1.1616712079927339,2.5908300708446866,180,367,0.00078990528311037581,1
9541,PK,,1094,39,0.26234003656307129799,10.6255291435100548,35,40,0.00078488317867643155,1
12975,PS,,1074,30,1.0977653631284916,2.8143170977653631,149,198,0.00077053430886516224,1
138152,HK,,1071,44,0.82352941176470588235,3.4822222726423903,101,157,0.00076838197839347184,1
14638,US,,1060,10,1.2575471698113208,2.6840003867924528,172,351,0.00076049009999727371,1
28573,BR,,1058,76,1.2977315689981096,6.3256764716446125,132,158,0.00075905521301614678,1
137718,CN,,1053,27,0.30674264007597340931,61.4154388471035138,28,62,0.00075546799556332945,1
215590,RU,,1036,15,1.5308880308880309,2.4784775279922780,179,375,0.00074327145622375054,1
9198,KZ,,1025,54,0.85268292682926829268,4.0939834390243902,117,239,0.00073537957782755241,1
14080,CO,,1018,45,0.99312377210216110020,4.1538863379174853,121,159,0.00073035747339360815,1
12874,IT,,1018,47,1.0147347740667976,3.2252893722986248,113,134,0.00073035747339360815,1
27747,AR,,1012,31,1.1897233201581028,4.1073893250988142,150,305,0.00072605281245022736,1
9534,MY,,1011,37,0.92383778437190900099,4.3361797052423343,132,237,0.00072533536895966389,1
9269,HK,,1004,102,0.30478087649402390438,19.8901975278884462,36,37,0.00072031326452571963,1
398324,XX,,1003,163,0.00000000000000000000,8.9730679122632104,0,0,0.00071959582103515617,1
24945,UA,,999,17,0.64364364364364364364,2.3939856796796797,126,137,0.00071672604707290230,1
3216,RU,,987,49,1.0445795339412361,4.5921004265450861,120,174,0.00070811672518614071,1
132203,XX,,986,31,0.63387423935091277890,6.2043359452332657,52,86,0.00070739928169557725,1
47331,TR,,971,144,0.76519052523171987642,12.9346038228630278,59,84,0.00069663762933712526,1
9808,CN,,944,25,0.32309322033898305085,50.3902752944915254,25,60,0.00067726665509191169,1
577,CA,,943,25,1.1410392364793213,2.0767392831389183,125,283,0.00067654921160134822,1
131353,VN,,935,23,1.1550802139037433,4.7258922074866310,135,260,0.00067080966367684049,1
17882,MN,,905,13,1.8342541436464088,4.1527070055248619,172,377,0.00064928635895993652,1
133817,ID,,892,11,1.4719730941704036,4.3460270605381166,153,268,0.00063995959358261147,1
131386,VN,,882,33,0.99546485260770975057,4.4565624829931973,89,117,0.00063278515867697681,1
18187,PH,,876,17,0.91438356164383561644,3.5383459280821918,139,155,0.00062848049773359601,1
141995,SG,,869,22,1.6075949367088608,6.3955023670886076,145,138,0.00062345839329965175,1
152194,SG,,866,26,1.1824480369515012,7.0163455773672055,123,161,0.00062130606282796136,1
45773,PK,,866,30,0.94688221709006928406,3.9734116212471132,104,146,0.00062130606282796136,1
41745,GB,,861,31,1.2845528455284553,2.4398693507549361,143,187,0.00061771884537514403,1
58519,CN,,855,23,0.24795321637426900585,49.9166404152046784,15,19,0.00061341418443176323,1
270515,BR,,844,32,1.1848341232227488,2.5988068921800948,123,149,0.00060552230603556511,1
3132,PE,,842,39,1.1377672209026128,2.4983710617577197,101,136,0.00060408741905443818,1
11664,AR,,840,26,1.0892857142857143,3.2545360880952381,116,152,0.00060265253207331125,1
6799,GR,,838,52,1.2565632458233890,5.7328576026252983,107,142,0.00060121764509218431,1
150436,XX,,834,35,0.69424460431654676259,14.2736312589928058,51,84,0.00059834787112993045,1
8359,RU,,829,58,0.20265379975874547648,9.5677339240048251,10,22,0.00059476065367711312,1
215590,GB,,811,7,0.95191122071516646116,2.2339740246609125,134,333,0.00058184667084697074,1
138995,ZA,,807,26,1.1784386617100372,4.2255245923172243,125,148,0.00057897689688471688,1
22724,EC,,803,15,1.3985056039850560,2.4773174844333748,122,176,0.00057610712292246301,1
36947,DZ,,800,31,1.3762500000000000,3.5091563062500000,116,187,0.00057395479245077261,1
270133,MX,,799,18,0.85607008760951188986,1.7503928585732165,104,146,0.00057323734896020915,1
151858,XX,,793,32,0.94199243379571248424,4.7142535926860025,72,117,0.00056893268801682835,1
17858,KR,,777,101,1.0630630630630631,9.7551664144144144,88,145,0.00055745359216781290,1
26599,BR,,775,38,1.6619354838709677,4.0008916709677419,140,261,0.00055601870518668597,1
12338,ES,,771,12,0.93774319066147859922,3.9270137833981842,121,329,0.00055314893122443211,1
140825,VN,,766,36,0.96475195822454308094,3.7904945143603133,88,112,0.00054956171377161478,1
329244,NG,,761,39,0.00000000000000000000,13.0855989724047306,0,0,0.00054597449631879745,1
51559,TR,,755,27,1.1748344370860927,2.9788518238410596,110,185,0.00054166983537541666,1
17557,PK,,754,47,1.1047745358090186,6.1863785822281167,83,109,0.00054095239188485319,1
6849,UA,,751,42,1.0785619174434088,4.0562010266311585,107,137,0.00053880006141316279,1
19871,US,,751,30,0.91211717709720372836,1.6168501557922770,89,107,0.00053880006141316279,1
8452,EG,,733,87,1.0245566166439291,10.9843415347885402,67,93,0.00052588607858302041,1
45903,VN,,724,30,1.0248618784530387,9.7671802279005525,94,131,0.00051942908716794922,1
210218,XX,,724,6,1.0552486187845304,2.4868919627071823,113,126,0.00051942908716794922,1
4816,CN,,717,6,0.00139470013947001395,17.3587187252440725,0,0,0.00051440698273400496,1
401120,ZA,,717,4,0.00557880055788005579,2.5602054797768480,0,0,0.00051440698273400496,1
852,CA,,717,38,1.0153417015341702,4.1331823500697350,106,253,0.00051440698273400496,1
14117,CL,,711,34,0.90436005625879043601,3.2371729001406470,77,95,0.00051010232179062416,1
15557,FR,,706,25,1.2322946175637394,2.5944052280453258,99,178,0.00050651510433780683,1
14259,CL,,690,24,0.88115942028985507246,2.6999915043478261,94,142,0.00049503600848879138,1
9924,TW,,686,37,0.93148688046647230321,3.6542436501457726,73,81,0.00049216623452653752,1
38700,KR,,685,28,1.3313868613138686,3.6656933445255474,102,133,0.00049144879103597405,1
131414,VN,,678,23,0.58702064896755162242,3.5521613613569322,48,74,0.00048642668660202979,1
9381,HK,,674,36,1.2952522255192878,4.2196590459940653,101,110,0.00048355691263977593,1
132608,BD,,671,18,1.2354694485842027,4.4227739150521610,103,101,0.00048140458216808553,1
38253,VN,,669,26,1.1240657698056801,4.5333865321375187,76,87,0.00047996969518695860,1
2856,GB,,663,66,0.82654600301659125189,6.3765548597285068,72,107,0.00047566503424357780,1
202660,UZ,,659,23,1.1107738998482549,3.0951665963581184,101,132,0.00047279526028132394,1
57378,RU,,656,14,1.1524390243902439,3.2317484481707317,96,98,0.00047064292980963354,1
22927,AR,,655,38,1.2641221374045802,3.5493236748091603,79,143,0.00046992548631907008,1
33363,US,,654,24,1.4204892966360856,2.5823984984709480,99,83,0.00046920804282850661,1
51396,XX,,650,61,0.07384615384615384615,24.0172943400000000,5,4,0.00046633826886625275,1
24940,DE,,647,19,0.69242658423493044822,2.2485787944358578,36,62,0.00046418593839456235,1
23724,CN,,642,20,0.45171339563862928349,66.6378334563862928,23,46,0.00046059872094174502,1
14618,US,,640,123,0.51562500000000000000,2.0837265328125000,43,86,0.00045916383396061809,1
11427,US,,635,50,0.78267716535433070866,4.4053025354330709,58,84,0.00045557661650780076,1
150436,SG,,628,27,0.94426751592356687898,5.3871240222929936,85,108,0.00045055451207385650,1
132280,TH,,627,22,1.4274322169059011,4.5579836618819777,91,151,0.00044983706858329304,1
21479,RU,,623,16,1.1444622792937400,3.0152656067415730,93,122,0.00044696729462103917,1
4808,CN,,622,25,0.43890675241157556270,53.5825773890675241,18,39,0.00044624985113047571,1
18206,MY,,616,27,0.87987012987012987013,7.5690939383116883,66,91,0.00044194519018709491,1
9304,HK,,615,96,0.27154471544715447154,15.3041033512195122,25,33,0.00044122774669653145,1
216127,GB,,613,12,1.3898858075040783,2.9824428711256117,89,74,0.00043979285971540452,1
57858,US,,613,16,1.1109298531810767,2.4876607585644372,96,106,0.00043979285971540452,1
211072,RU,,613,8,1.2675367047308320,2.3737544274061990,97,88,0.00043979285971540452,1
7633,IN,,609,17,1.0344827586206897,4.3809554187192118,92,170,0.00043692308575315065,1
139811,HK,,596,30,0.99496644295302013423,3.6268213741610738,71,86,0.00042759632037582560,1
135059,LA,,594,1,0.00168350168350168350,2.7507737996632997,0,0,0.00042616143339469867,1
15169,US,,591,36,0.91539763113367174281,1.9886058967851100,75,80,0.00042400910292300827,1
263476,BR,,588,27,0.72448979591836734694,2.7125908894557823,72,81,0.00042185677245131787,1
13285,GB,,584,44,1.1421232876712329,3.7647566541095890,76,86,0.00041898699848906401,1
2516,JP,,579,39,1.2107081174438687,4.3673946062176166,86,151,0.00041539978103624668,1
10220,ID,,577,22,1.0537261698440208,3.9420801403812825,74,92,0.00041396489405511975,1
9595,JP,,575,43,1.0434782608695652,4.7414545165217391,60,73,0.00041253000707399282,1
23956,BD,,571,33,1.1418563922942207,4.0268831803852890,74,89,0.00040966023311173895,1
25184,IR,,562,24,1.0960854092526690,9.1899847935943060,59,71,0.00040320324169666776,1
17665,IN,,561,22,1.0303030303030303,4.3562737112299465,83,71,0.00040248579820610430,1
34918,IR,,560,27,0.90178571428571428571,3.4971780017857143,60,69,0.00040176835471554083,1
401116,ZA,,558,30,0.01075268817204301075,3.0121955430107527,1,0,0.00040033346773441390,1
134768,CN,,557,19,0.31956912028725314183,66.2213370771992819,12,21,0.00039961602424385043,1
215929,DE,,556,9,0.00000000000000000000,2.0550003183453237,0,0,0.00039889858075328697,1
23969,TH,,555,115,0.33333333333333333333,34.7574334756756757,9,3,0.00039818113726272350,1
329427,XX,,555,6,1.3621621621621622,4.7840809045045045,93,84,0.00039818113726272350,1
268581,BR,,549,2,1.3989071038251366,3.3860583296903461,84,77,0.00039387647631934271,1
262343,BR,,544,4,0.26102941176470588235,2.0598456617647059,14,10,0.00039028925886652538,1
17813,IN,,540,49,0.74259259259259259259,10.6645467037037037,42,49,0.00038741948490427152,1
208637,BG,,533,8,0.00187617260787992495,4.1976970731707317,0,0,0.00038239738047032725,1
8796,US,,531,25,0.74764595103578154426,9.8145288662900188,63,93,0.00038096249348920032,1
24309,XX,,526,27,1.1768060836501901,4.1278045304182510,76,72,0.00037737527603638299,1
58369,ID,,526,19,1.1178707224334601,4.3523138403041825,87,100,0.00037737527603638299,1
58224,IR,,525,105,1.4971428571428571,10.0757214457142857,31,50,0.00037665783254581953,1
141108,XX,,522,8,0.72222222222222222222,3.7583422643678161,72,202,0.00037450550207412913,1
4812,CN,,519,20,0.71483622350674373796,55.2212282928709056,30,36,0.00037235317160243873,1
207569,VG,,518,1,0.00193050193050193050,3.5426992335907336,0,0,0.00037163572811187527,1
18209,IN,,513,19,0.81091617933723196881,3.8923853742690058,73,187,0.00036804851065905794,1
19429,CO,,511,28,0.97455968688845401174,3.0169105772994129,48,72,0.00036661362367793101,1
15967,PL,,510,1,0.00196078431372549020,2.1599253607843137,0,0,0.00036589618018736754,1
136907,HK,,509,15,1.2082514734774067,3.8824509921414538,56,73,0.00036517873669680408,1
31549,IR,,508,29,0.77755905511811023622,3.3350696161417323,51,86,0.00036446129320624061,1
24534,ID,,506,6,1.2272727272727273,3.8336032588932806,91,175,0.00036302640622511368,1
328847,XX,,505,12,0.88118811881188118812,3.4104341485148515,38,56,0.00036230896273455021,1
9930,MY,,504,24,1.1805555555555556,4.1215519404761905,74,80,0.00036159151924398675,1
10796,US,,501,44,0.16367265469061876248,23.7798826566866267,8,7,0.00035943918877229635,1
37020,CD,,501,19,2.0159680638722555,5.6487041736526946,91,81,0.00035943918877229635,1
268645,BR,,500,23,0.00000000000000000000,12.8761044200000000,0,0,0.00035872174528173288,1
56046,CN,,499,16,0.31062124248496993988,47.1543815851703407,9,32,0.00035800430179116942,1
24435,PK,,499,20,0.98797595190380761523,3.5410517995991984,78,113,0.00035800430179116942,1
36958,SC,,497,20,1.1388329979879276,4.3138542776659960,66,76,0.00035656941481004249,1
6134,HK,,496,14,1.5745967741935484,4.2305222520161290,87,77,0.00035585197131947902,1
62633,US,,493,21,1.5557809330628803,1.6931761399594320,78,90,0.00035369964084778862,1
28670,BR,,489,20,0.85071574642126789366,2.7321895010224949,72,111,0.00035082986688553476,1
131965,JP,,489,14,0.76278118609406952965,3.1514706809815951,30,52,0.00035082986688553476,1
55933,JP,,489,9,1.5501022494887526,3.0705576400817996,78,99,0.00035082986688553476,1
52468,US,,486,17,0.92592592592592592593,2.2664403806584362,71,83,0.00034867753641384436,1
8369,RU,,486,39,1.1810699588477366,6.8067460288065844,58,65,0.00034867753641384436,1
44285,IR,,485,15,1.0226804123711340,3.3420975938144330,76,97,0.00034796009292328090,1
134945,IN,,482,17,0.48755186721991701245,3.4523742780082988,62,81,0.00034580776245159050,1
131111,ID,,479,20,0.84968684759916492693,3.8701208872651357,43,78,0.00034365543197990010,1
43754,IR,,479,18,0.76409185803757828810,3.2699332713987474,30,43,0.00034365543197990010,1
21491,UG,,477,24,1.0083857442348008,4.0525804276729560,60,86,0.00034222054499877317,1
263591,BR,,475,5,0.00210526315789473684,1.8534000673684211,0,0,0.00034078565801764624,1
9009,RO,,474,11,0.69620253164556962025,2.2884719746835443,27,39,0.00034006821452708277,1
135953,VN,,470,22,1.1489361702127660,4.9272566234042553,71,85,0.00033719844056482891,1
6939,US,,467,186,0.00000000000000000000,1.3811331391862955,0,0,0.00033504611009313851,1
328646,ZM,,464,22,0.91810344827586206897,4.0521143814655172,54,58,0.00033289377962144812,1
8560,GB,,461,21,1.1453362255965293,2.3637389934924078,41,51,0.00033074144914975772,1
137120,IN,,459,19,0.00000000000000000000,12.8351825947712418,0,0,0.00032930656216863079,1
35104,KZ,,457,27,1.1509846827133479,3.3419963369803063,72,95,0.00032787167518750386,1
203576,TR,,452,2,0.00442477876106194690,1.8252555508849558,0,0,0.00032428445773468653,1
209193,DE,,452,6,1.4269911504424779,3.2059751902654867,65,79,0.00032428445773468653,1
214295,XX,,449,31,0.04008908685968819599,2.3497280000000000,2,1,0.00032213212726299613,1
33765,TZ,,449,61,0.51447661469933184855,17.6998384342984410,25,37,0.00032213212726299613,1
4618,TH,,449,35,0.54342984409799554566,5.2663421514476615,19,22,0.00032213212726299613,1
152055,XX,,448,17,0.68526785714285714286,3.5892533214285714,63,69,0.00032141468377243266,1
55720,MY,,446,21,1.2556053811659193,4.5285737645739910,60,76,0.00031997979679130573,1
8075,XX,,445,108,0.58426966292134831461,2.8305455033707865,33,50,0.00031926235330074227,1
207416,RU,,445,4,2.1955056179775281,2.8664003707865169,91,225,0.00031926235330074227,1
58466,CN,,445,19,0.42247191011235955056,65.1523648876404494,11,21,0.00031926235330074227,1
48090,DE,,440,23,0.02045454545454545455,1.6185139386363636,6,0,0.00031567513584792494,1
58474,ID,,439,18,1.1594533029612756,3.6388297243735763,52,51,0.00031495769235736147,1
48716,KZ,,438,8,1.5913242009132420,3.6068623082191781,78,189,0.00031424024886679801,1
29571,XX,,437,22,0.60411899313501144165,4.2771123180778032,24,33,0.00031352280537623454,1
36917,AO,,433,23,0.97921478060046189376,3.3235404572748268,59,73,0.00031065303141398068,1
23201,PY,,432,27,1.1018518518518519,3.6992103564814815,57,54,0.00030993558792341721,1
38719,AU,,432,21,0.89351851851851851852,3.1347062222222222,45,60,0.00030993558792341721,1
27847,DO,,430,26,1.0093023255813953,1.9728827511627907,46,74,0.00030850070094229028,1
49505,RU,,429,20,1.1002331002331002,2.5586161398601399,42,50,0.00030778325745172681,1
9329,LK,,428,22,1.0537383177570093,3.8522540000000000,34,68,0.00030706581396116335,1
27699,BR,,428,39,1.5981308411214953,5.6008847242990654,67,84,0.00030706581396116335,1
196854,TJ,,427,20,1.5245901639344262,3.9973847213114754,47,75,0.00030634837047059988,1
27843,PE,,423,22,1.1678486997635934,2.7906880520094563,63,74,0.00030347859650834602,1
10620,CO,,422,32,0.74407582938388625592,3.9805051421800948,37,66,0.00030276115301778255,1
9988,MM,,420,25,0.91904761904761904762,32.8419395380952381,56,74,0.00030132626603665562,1
8334,RU,,419,8,0.75417661097852028640,2.3535777112171838,52,139,0.00030060882254609216,1
3352,ES,,416,52,1.3341346153846154,5.5026241971153846,52,66,0.00029845649207440176,1
266863,AR,,412,15,0.95631067961165048544,2.8201916456310680,51,68,0.00029558671811214790,1
7489,HK,,411,13,0.81021897810218978102,1.6585844768856448,28,39,0.00029486927462158443,1
38732,VN,,410,24,1.0585365853658537,4.0406620268292683,52,49,0.00029415183113102097,1
16637,ZA,,409,16,1.0488997555012225,3.9012276185819071,58,76,0.00029343438764045750,1
1221,AU,,409,68,0.81662591687041564792,5.9037429070904645,44,49,0.00029343438764045750,1
205275,RO,,407,16,0.57248157248157248157,2.2787480270270270,17,26,0.00029199950065933057,1
48753,XX,,406,8,1.1995073891625616,3.0692952660098522,35,52,0.00029128205716876710,1
11562,VE,,404,9,0.76237623762376237624,1.8302402252475248,54,64,0.00028984717018764017,1
131719,ID,,401,22,1.0099750623441397,3.7668037456359102,49,70,0.00028769483971594977,1
30855,RU,,401,21,0.67331670822942643392,2.7663768927680798,35,56,0.00028769483971594977,1
131366,VN,,398,24,1.1608040201005025,3.7339133316582915,52,81,0.00028554250924425938,1
4800,ID,,397,20,0.82871536523929471033,3.7672231738035264,47,50,0.00028482506575369591,1
58898,IN,,393,20,0.68702290076335877863,8.9584661450381679,33,48,0.00028195529179144205,1
13490,US,,391,22,1.0204603580562660,1.6757427928388747,48,57,0.00028052040481031512,1
135918,XX,,390,13,0.94615384615384615385,4.3470699794871795,44,59,0.00027980296131975165,1
136335,IN,,389,17,0.66323907455012853470,4.0795981696658098,56,85,0.00027908551782918818,1
211138,IT,,389,6,0.00000000000000000000,45.0715514010282776,0,0,0.00027908551782918818,1
12322,FR,,387,51,0.88888888888888888889,4.2338106770025840,29,34,0.00027765063084806125,1
46783,US,,387,13,0.92506459948320413437,3.7848267028423773,30,31,0.00027765063084806125,1
152179,US,,383,1,0.52480417754569190601,3.0737483994778068,48,48,0.00027478085688580739,1
35916,US,,382,18,0.84554973821989528796,2.5290002041884817,29,40,0.00027406341339524392,1
50928,RU,,381,20,0.98162729658792650919,3.1801546010498688,51,61,0.00027334596990468046,1
4773,SG,,378,25,0.05820105820105820106,27.7735078333333333,1,5,0.00027119363943299006,1
11014,AR,,377,20,1.0397877984084881,2.8689009177718833,33,79,0.00027047619594242659,1
270603,BR,,375,17,1.3013333333333333,2.5184841280000000,50,60,0.00026904130896129966,1
396982,TR,,374,92,0.04812834224598930481,38.5599156737967914,0,0,0.00026832386547073620,1
28649,BR,,372,27,0.93279569892473118280,3.1366462930107527,42,42,0.00026688897848960927,1
137695,CN,,369,7,0.05962059620596205962,10.9221477506775068,1,2,0.00026473664801791887,1
60490,XX,,369,19,0.52845528455284552846,2.4052669512195122,35,64,0.00026473664801791887,1
141124,ID,,368,13,1.2282608695652174,4.1261490516304348,53,74,0.00026401920452735540,1
6730,CH,,366,24,1.0792349726775956,3.1127740409836066,39,38,0.00026258431754622847,1
9919,TW,,365,24,1.0054794520547945,3.8518460712328767,44,55,0.00026186687405566501,1
24955,RU,,364,27,0.48076923076923076923,5.7285155357142857,9,9,0.00026114943056510154,1
12768,RU,,361,31,0.88365650969529085873,3.9108657756232687,33,34,0.00025899710009341114,1
215540,XX,,359,8,0.64623955431754874652,1.9735245571030641,16,42,0.00025756221311228421,1
8615,RU,,358,23,0.79888268156424581006,2.7525540810055866,48,71,0.00025684476962172075,1
266539,BR,,358,14,0.68994413407821229050,2.3774170055865922,47,56,0.00025684476962172075,1
140810,VN,,356,18,0.48595505617977528090,3.8405009213483146,47,60,0.00025540988264059381,1
60490,RU,,356,15,0.71067415730337078652,2.5898821853932584,34,49,0.00025540988264059381,1
27951,CO,,355,18,1.7323943661971831,2.6677413436619718,62,66,0.00025469243915003035,1
34224,BG,,352,20,0.90340909090909090909,2.5753385227272727,34,40,0.00025254010867833995,1
149124,VN,,350,17,1.0171428571428571,3.8826600742857143,48,53,0.00025110522169721302,1
267251,BR,,348,16,0.97413793103448275862,3.0263155890804598,39,40,0.00024967033471608609,1
27839,BO,,346,20,1.1127167630057803,2.6889864393063584,52,76,0.00024823544773495916,1
42337,IR,,346,15,0.91618497109826589595,3.0493566156069364,19,50,0.00024823544773495916,1
262794,BR,,344,16,1.00000000000000000000,2.7298026104651163,41,58,0.00024680056075383222,1
42313,AL,,343,16,0.62390670553935860058,10.4612479067055394,18,32,0.00024608311726326876,1
398722,US,,342,103,0.00000000000000000000,9.3758106491228070,0,0,0.00024536567377270529,1
212552,AM,,342,14,1.2163742690058480,2.2898386695906433,28,51,0.00024536567377270529,1
27895,PY,,338,5,1.9378698224852071,5.0405574704142012,70,158,0.00024249589981045143,1
8346,EU,,336,24,0.77976190476190476190,4.2228051160714286,20,37,0.00024106101282932450,1
38623,KH,,333,23,0.90090090090090090090,3.9671038978978979,39,52,0.00023890868235763410,1
17917,IN,,333,36,1.0570570570570571,6.0393489969969970,49,64,0.00023890868235763410,1
136970,HK,,333,8,1.1381381381381381,30.7660348558558559,41,75,0.00023890868235763410,1
55990,CN,,332,21,0.25903614457831325301,65.3923012259036145,8,17,0.00023819123886707064,1
270013,CL,,332,4,1.6475903614457831,3.1862806987951807,63,51,0.00023819123886707064,1
20661,TM,,327,13,0.70948012232415902141,2.8639816544342508,30,53,0.00023460402141425331,1
46042,ID,,326,16,1.5000000000000000,4.2366624233128834,49,74,0.00023388657792368984,1
149107,XX,,326,21,1.2147239263803681,3.7872395889570552,55,69,0.00023388657792368984,1
58461,CN,,323,19,0.45510835913312693498,61.6895380030959752,14,24,0.00023173424745199944,1
135407,PK,,322,10,1.1708074534161491,3.5684778975155280,52,56,0.00023101680396143598,1
28250,BR,,322,7,0.98757763975155279503,2.7514250341614907,43,47,0.00023101680396143598,1
27651,CL,,319,20,0.83072100313479623824,2.4620579467084639,35,48,0.00022886447348974558,1
45458,TH,,318,28,1.1949685534591195,5.6341780251572327,36,42,0.00022814702999918211,1
38731,VN,,318,25,0.71069182389937106918,3.7961691194968553,27,26,0.00022814702999918211,1
16814,AR,,317,21,1.3848580441640379,3.4263614637223975,39,61,0.00022742958650861865,1
262958,BR,,313,16,1.0063897763578275,2.7065993226837061,39,47,0.00022455981254636479,1
150862,XX,,311,12,0.60128617363344051447,3.9594677556270096,23,54,0.00022312492556523785,1
15895,UA,,310,47,0.06451612903225806452,26.5449461096774194,2,5,0.00022240748207467439,1
206495,IR,,309,18,1.6925566343042071,3.6598928834951456,52,63,0.00022169003858411092,1
60631,IR,,308,19,1.0584415584415584,3.1054259772727273,41,50,0.00022097259509354746,1
4713,JP,,308,144,0.02272727272727272727,19.3899630811688312,2,0,0.00022097259509354746,1
6167,US,,306,34,1.1601307189542484,7.4259232320261438,40,54,0.00021953770811242053,1
8781,QA,,306,19,1.3169934640522876,3.8377081078431373,48,55,0.00021953770811242053,1
63835,CN,,306,9,0.75490196078431372549,46.2651494477124183,17,32,0.00021953770811242053,1
25052,IL,,306,15,1.7614379084967320,3.3155023888888889,49,54,0.00021953770811242053,1
264564,BR,,305,5,1.1245901639344262,2.5366406426229508,42,43,0.00021882026462185706,1
14988,BW,,305,23,0.89180327868852459016,4.1916489967213115,47,78,0.00021882026462185706,1
63949,NL,,304,68,0.07236842105263157895,0.80256418092105263158,0,0,0.00021810282113129359,1
56040,CN,,303,17,0.36303630363036303630,51.3643925544554455,5,15,0.00021738537764073013,1
31898,SE,,301,20,1.0365448504983389,2.3191638571428571,52,68,0.00021595049065960320,1
134366,HK,,298,20,0.74161073825503355705,3.5361621107382550,36,52,0.00021379816018791280,1
51852,PA,,298,20,1.1073825503355705,2.3953906308724832,36,45,0.00021379816018791280,1
141679,XX,,296,14,0.27702702702702702703,71.6977666317567568,7,13,0.00021236327320678587,1
36926,KE,,294,2,1.6258503401360544,5.1479979387755102,57,143,0.00021092838622565894,1
28548,MX,,294,27,0.98299319727891156463,2.8660056326530612,35,48,0.00021092838622565894,1
5410,FR,,294,32,1.4659863945578231,3.3963413979591837,46,41,0.00021092838622565894,1
7727,HN,,293,15,1.4129692832764505,2.2225839590443686,44,61,0.00021021094273509547,1
55824,IN,,292,16,1.5102739726027397,8.9584968732876712,40,60,0.00020949349924453200,1
10429,BR,,292,25,0.82876712328767123288,4.3166425410958904,21,34,0.00020949349924453200,1
215730,XX,,291,15,0.50859106529209621993,2.3909215429553265,16,28,0.00020877605575396854,1
7506,JP,,291,18,0.97594501718213058419,5.4109334639175258,19,46,0.00020877605575396854,1
139482,IN,,290,14,0.66206896551724137931,3.1893373068965517,28,44,0.00020805861226340507,1
5617,PL,,288,46,0.89930555555555555556,6.7383749895833333,11,26,0.00020662372528227814,1
19108,US,,288,34,0.00000000000000000000,36.3355956006944444,0,0,0.00020662372528227814,1
701,US,,287,88,1.8954703832752613,20.7561414947735192,26,30,0.00020590628179171468,1
51984,ES,,282,15,0.51773049645390070922,2.0505243085106383,19,32,0.00020231906433889735,1
51200,RU,,282,17,1.0709219858156028,2.9072530460992908,46,54,0.00020231906433889735,1
31898,XX,,281,26,1.2846975088967972,12.1719023629893238,36,54,0.00020160162084833388,1
14615,US,,279,2,0.97849462365591397849,1.4672999928315412,47,128,0.00020016673386720695,1
213412,GB,,279,59,0.00000000000000000000,3.1862455806451613,0,0,0.00020016673386720695,1
39153,RU,,279,16,1.4265232974910394,3.6549597598566308,40,45,0.00020016673386720695,1
40788,CA,,277,10,0.00000000000000000000,18.4956990722021661,0,0,0.00019873184688608002,1
264411,BR,,276,19,1.0869565217391304,2.6205995688405797,36,40,0.00019801440339551655,1
139988,ID,,276,21,0.92028985507246376812,3.7834795797101449,29,36,0.00019801440339551655,1
62468,US,,276,24,0.74275362318840579710,19.1670352681159420,34,51,0.00019801440339551655,1
278,MX,,275,4,0.15272727272727272727,52.6540352836363636,4,6,0.00019729695990495309,1
266538,BR,,275,17,2.1163636363636364,4.0375297272727273,47,47,0.00019729695990495309,1
24863,EG,,274,23,2.3102189781021898,4.4124355182481752,56,57,0.00019657951641438962,1
152488,XX,,273,18,1.1135531135531136,3.8069807692307692,34,40,0.00019586207292382615,1
58955,TH,,273,16,0.90109890109890109890,3.9803037362637363,30,37,0.00019586207292382615,1
140481,ID,,273,17,0.80219780219780219780,4.4070965714285714,33,56,0.00019586207292382615,1
400619,XX,,273,10,0.00366300366300366300,2.1021380036630037,0,0,0.00019586207292382615,1
131414,XX,,271,18,0.97047970479704797048,3.8120343800738007,26,35,0.00019442718594269922,1
25543,BF,,270,16,1.1333333333333333,3.3577176074074074,28,49,0.00019370974245213576,1
61800,BR,,269,15,1.1635687732342007,2.4179223754646840,35,45,0.00019299229896157229,1
8167,BR,,269,16,1.2676579925650558,5.0337381003717472,32,85,0.00019299229896157229,1
62610,HK,,268,2,0.02985074626865671642,52.4666554477611940,2,2,0.00019227485547100883,1
136907,XX,,268,8,0.79477611940298507463,3.3819133358208955,19,37,0.00019227485547100883,1
38482,ID,,268,16,1.3022388059701493,4.0800292761194030,36,39,0.00019227485547100883,1
42610,RU,,266,44,0.52631578947368421053,8.8346910864661654,9,24,0.00019083996848988189,1
208137,IR,,266,16,0.00000000000000000000,7.4130991917293233,0,0,0.00019083996848988189,1
18222,NP,,266,15,1.2443609022556391,4.2079454962406015,46,46,0.00019083996848988189,1
29256,SY,,266,20,0.89097744360902255639,4.4869320977443609,24,32,0.00019083996848988189,1
45899,XX,,265,15,0.98490566037735849057,4.6786364150943396,41,50,0.00019012252499931843,1
131210,IN,,265,21,1.0716981132075472,3.8560850641509434,32,42,0.00019012252499931843,1
11556,PA,,263,8,0.90874524714828897338,2.0049848821292776,20,47,0.00018868763801819150,1
150193,ID,,263,4,0.92015209125475285171,4.0767293003802281,42,111,0.00018868763801819150,1
50540,TR,,263,18,1.0190114068441065,2.5676726653992395,39,54,0.00018868763801819150,1
401701,XX,,262,16,1.00000000000000000000,3.8116198969465649,26,33,0.00018797019452762803,1
39188,KZ,,261,22,1.7701149425287356,3.7446182988505747,44,60,0.00018725275103706457,1
206065,IR,,261,23,1.0842911877394636,3.8602419731800766,34,43,0.00018725275103706457,1
61173,XX,,260,16,1.3192307692307692,3.3817927461538462,31,54,0.00018653530754650110,1
268622,BR,,260,17,1.2653846153846154,3.6523753769230769,40,57,0.00018653530754650110,1
9441,BD,,260,20,1.1461538461538462,4.1372059192307692,27,38,0.00018653530754650110,1
153416,XX,,260,9,0.95000000000000000000,3.9159312307692308,29,35,0.00018653530754650110,1
272059,PE,,260,16,1.5346153846153846,2.7187315961538462,45,48,0.00018653530754650110,1
135089,CN,,259,14,0.32432432432432432432,36.6406911737451737,6,18,0.00018581786405593763,1
201838,GB,,259,23,1.0077220077220077,3.1179372084942085,35,39,0.00018581786405593763,1
37228,RW,,258,8,1.1007751937984496,3.6445864534883721,26,24,0.00018510042056537417,1
21334,HU,,257,26,1.1284046692607004,3.4626111789883268,25,37,0.00018438297707481070,1
56005,CN,,255,16,0.50196078431372549020,47.7845471803921569,8,17,0.00018294809009368377,1
36959,ZM,,255,3,1.4588235294117647,4.1807186117647059,39,66,0.00018294809009368377,1
401696,HK,,254,8,0.68503937007874015748,3.9103260866141732,14,29,0.00018223064660312031,1
135392,HK,,254,2,0.64173228346456692913,2.4300245196850394,34,31,0.00018223064660312031,1
20011,ZA,,253,14,0.05138339920948616601,16.2828969051383399,0,0,0.00018151320311255684,1
58563,CN,,253,16,0.43083003952569169960,53.5261788023715415,5,16,0.00018151320311255684,1
58541,CN,,252,10,0.16666666666666666667,53.1396040634920635,3,5,0.00018079575962199337,1
35682,UZ,,252,16,1.0476190476190476,3.4102624246031746,23,39,0.00018079575962199337,1
51167,GB,,252,11,1.4325396825396825,2.5634393888888889,40,45,0.00018079575962199337,1
401696,US,,252,18,0.60317460317460317460,4.2328833650793651,27,37,0.00018079575962199337,1
30983,MA,,251,19,1.3426294820717131,5.5404492988047809,40,42,0.00018007831613142991,1
135225,IN,,250,7,0.00000000000000000000,24.5662387320000000,0,0,0.00017936087264086644,1
27357,US,,250,2,0.53600000000000000000,1.3378917560000000,40,63,0.00017936087264086644,1
6739,ES,,249,22,0.55020080321285140562,4.2658294538152610,19,26,0.00017864342915030298,1
327724,XX,,248,1,0.00000000000000000000,68.0090670685483871,0,0,0.00017792598565973951,1
13999,MX,,246,22,1.1056910569105691,2.8443819268292683,34,43,0.00017649109867861258,1
138096,ID,,245,17,0.76734693877551020408,3.7135071102040816,33,48,0.00017577365518804911,1
262847,BR,,245,15,1.00000000000000000000,2.7743628326530612,33,35,0.00017577365518804911,1
152339,XX,,244,17,1.1967213114754098,4.2018845778688525,36,53,0.00017505621169748565,1
135298,AF,,243,15,0.88065843621399176955,3.7460450699588477,32,48,0.00017433876820692218,1
264738,AR,,243,11,0.74485596707818930041,2.9313157489711934,35,49,0.00017433876820692218,1
55330,XX,,243,15,0.79012345679012345679,3.2696715843621399,34,37,0.00017433876820692218,1
1136,NL,,242,19,0.89256198347107438017,2.7769100330578512,31,38,0.00017362132471635872,1
133774,CN,,242,10,0.35123966942148760331,50.9748701652892562,6,9,0.00017362132471635872,1
23923,BD,,241,17,1.6390041493775934,5.3767221742738589,45,77,0.00017290388122579525,1
47583,CY,,241,11,1.4232365145228216,2.8587542157676349,39,37,0.00017290388122579525,1
58791,JP,,240,8,1.1250000000000000,3.2439224416666667,21,30,0.00017218643773523178,1
34984,TR,,239,42,0.77405857740585774059,6.4608754476987448,27,34,0.00017146899424466832,1
24532,ID,,238,20,1.3571428571428571,3.8525627226890756,32,38,0.00017075155075410485,1
9908,HK,,237,30,0.00000000000000000000,12.3620217721518987,0,0,0.00017003410726354139,1
38901,KH,,235,17,1.3446808510638298,4.2917255191489362,40,42,0.00016859922028241446,1
36923,NG,,234,11,0.49145299145299145299,2.9259130341880342,13,26,0.00016788177679185099,1
262970,BR,,234,13,0.80341880341880341880,2.5942229059829060,39,51,0.00016788177679185099,1
199404,US,,233,13,1.6738197424892704,4.7845337768240343,40,49,0.00016716433330128752,1
23752,NP,,233,14,1.4892703862660944,4.5934953261802575,32,42,0.00016716433330128752,1
22612,US,,232,16,1.0129310344827586,3.1134442413793103,23,55,0.00016644688981072406,1
55081,US,,231,8,0.53679653679653679654,1.3873607445887446,10,17,0.00016572944632016059,1
50926,ES,,230,12,0.53043478260869565217,2.1325988391304348,14,23,0.00016501200282959713,1
134286,IN,,230,8,0.82173913043478260870,3.8506192347826087,21,38,0.00016501200282959713,1
212219,TR,,229,11,0.81222707423580786026,3.0459052576419214,15,29,0.00016429455933903366,1
1916,BR,,227,15,1.5594713656387665,2.6138420660792952,41,39,0.00016285967235790673,1
396356,US,,227,19,0.95594713656387665198,1.6616121233480176,27,31,0.00016285967235790673,1
146966,CN,,227,3,0.00000000000000000000,10.2699457577092511,1,0,0.00016285967235790673,1
213412,US,,226,58,0.00000000000000000000,3.6484048230088496,0,0,0.00016214222886734326,1
48090,GB,,226,8,0.00442477876106194690,1.8099881592920354,0,0,0.00016214222886734326,1
7545,AU,,225,26,0.45333333333333333333,6.3388101644444444,14,25,0.00016142478537677980,1
9498,XX,,225,24,1.1822222222222222,6.6922630488888889,29,44,0.00016142478537677980,1
42961,KW,,224,35,0.05803571428571428571,35.1942003125000000,0,0,0.00016070734188621633,1
209605,LT,,224,24,0.27232142857142857143,9.8237080401785714,6,6,0.00016070734188621633,1
14080,XX,,224,15,1.2321428571428571,2.7168861205357143,31,43,0.00016070734188621633,1
4663,KR,,222,23,1.3063063063063063,3.4073516621621622,32,44,0.00015927245490508940,1
42682,RU,,221,29,1.8099547511312217,4.6327206832579186,39,56,0.00015855501141452593,1
136827,ID,,220,10,0.89545454545454545455,3.7673098272727273,20,27,0.00015783756792396247,1
22612,XX,,219,7,1.0410958904109589,1.9005000502283105,18,32,0.00015712012443339900,1
52361,AR,,219,19,1.3972602739726027,3.3877451872146119,36,41,0.00015712012443339900,1
3320,DE,,219,46,0.57990867579908675799,6.3940347899543379,8,6,0.00015712012443339900,1
4761,XX,,218,6,1.4403669724770642,4.1058773073394495,23,37,0.00015640268094283554,1
42668,RU,,217,5,0.73732718894009216590,2.2466880184331797,16,28,0.00015568523745227207,1
399077,US,,217,17,0.64976958525345622120,5.6534090599078341,14,24,0.00015568523745227207,1
9484,MN,,216,15,1.6435185185185185,4.2563199675925926,35,33,0.00015496779396170861,1
10439,US,,216,84,0.01388888888888888889,6.4398488055555556,0,0,0.00015496779396170861,1
4761,ID,,215,16,1.2046511627906977,4.0056216651162791,28,27,0.00015425035047114514,1
215540,RU,,215,32,0.69767441860465116279,6.0159712511627907,14,25,0.00015425035047114514,1
136171,IN,,215,18,0.99534883720930232558,3.6821826418604651,34,41,0.00015425035047114514,1
24940,XX,,215,7,1.0186046511627907,2.2107151860465116,13,37,0.00015425035047114514,1
148981,CN,,215,8,0.88837209302325581395,57.6402574139534884,15,27,0.00015425035047114514,1
199785,GB,,214,14,0.66822429906542056075,2.1615562102803738,18,36,0.00015353290698058167,1
213807,IR,,214,10,1.1915887850467290,4.0678651401869159,22,63,0.00015353290698058167,1
271186,BR,,213,19,1.3333333333333333,3.1111340375586854,30,47,0.00015281546349001821,1
33182,US,,212,14,1.2452830188679245,2.7504162641509434,33,55,0.00015209801999945474,1
21499,DE,,212,11,0.98113207547169811321,2.1983619433962264,25,30,0.00015209801999945474,1
22773,US,,212,49,0.41509433962264150943,25.9144312641509434,7,12,0.00015209801999945474,1
57269,ES,,212,15,0.44811320754716981132,5.9872521981132075,5,13,0.00015209801999945474,1
24186,XX,,210,25,0.00000000000000000000,12.7570323238095238,0,0,0.00015066313301832781,1
61112,HK,,210,19,0.83333333333333333333,15.4393014904761905,21,38,0.00015066313301832781,1
49800,AM,,209,12,0.90909090909090909091,2.7248783923444976,24,28,0.00014994568952776435,1
12455,KE,,209,15,1.5119617224880383,5.5133703349282297,40,52,0.00014994568952776435,1
268581,XX,,209,6,0.71770334928229665072,2.7520025023923445,10,14,0.00014994568952776435,1
270082,PE,,208,20,1.6586538461538462,2.9373027788461538,35,35,0.00014922824603720088,1
137872,HK,,208,21,0.00000000000000000000,22.9779393509615385,0,0,0.00014922824603720088,1
37963,XX,,207,13,0.91787439613526570048,50.9181149903381643,13,37,0.00014851080254663741,1
24634,LB,,207,10,0.68115942028985507246,2.3287872125603865,28,28,0.00014851080254663741,1
44947,XX,,206,16,0.00000000000000000000,11.4011873980582524,0,0,0.00014779335905607395,1
29582,BG,,205,34,1.2780487804878049,4.8483964780487805,29,38,0.00014707591556551048,1
134337,IN,,205,13,0.00000000000000000000,12.8614179804878049,0,0,0.00014707591556551048,1
212512,JP,,204,36,0.00980392156862745098,0.99602981372549019608,0,0,0.00014635847207494702,1
394695,US,,204,14,0.44607843137254901961,3.8957728676470588,21,56,0.00014635847207494702,1
401696,ZA,,204,13,1.2941176470588235,3.6762469803921569,33,36,0.00014635847207494702,1
17488,IN,,203,33,0.72906403940886699507,6.7731759310344828,10,13,0.00014564102858438355,1
39927,RU,,203,18,0.96059113300492610837,3.5836903497536946,26,32,0.00014564102858438355,1
41733,RU,,201,18,0.74626865671641791045,2.8741798706467662,20,30,0.00014420614160325662,1
207713,RU,,201,8,0.95522388059701492537,2.7981640746268657,11,22,0.00014420614160325662,1
45528,IN,,200,15,0.97500000000000000000,6.9724782150000000,18,32,0.00014348869811269315,1
42708,SE,,199,11,1.5577889447236181,2.7832123819095477,26,28,0.00014277125462212969,1
211724,RU,,198,6,0.54040404040404040404,2.2570357878787879,9,21,0.00014205381113156622,1
49304,GB,,197,6,0.97969543147208121827,3.2923324771573604,25,25,0.00014133636764100276,1
133119,CN,,197,11,0.41624365482233502538,54.7051194111675127,7,8,0.00014133636764100276,1
32167,US,,197,1,0.01015228426395939086,2.6422206751269036,0,0,0.00014133636764100276,1
268531,BR,,195,14,1.0512820512820513,2.5079119282051282,26,30,0.00013990148065987582,1
132771,IN,,195,14,0.00000000000000000000,12.8651782051282051,0,0,0.00013990148065987582,1
149249,IN,,195,6,0.32820512820512820513,3.1852271692307692,4,11,0.00013990148065987582,1
29518,SE,,194,49,0.11340206185567010309,31.9425850309278351,0,0,0.00013918403716931236,1
28160,BR,,194,13,0.97422680412371134021,2.8210385360824742,22,25,0.00013918403716931236,1
25513,RU,,194,21,0.80412371134020618557,5.4348208041237113,14,23,0.00013918403716931236,1
134676,BD,,193,6,0.93264248704663212435,3.6696263367875648,30,29,0.00013846659367874889,1
13056,RU,,193,17,1.4766839378238342,3.1647983834196891,32,38,0.00013846659367874889,1
8866,BG,,192,34,0.58333333333333333333,5.4076299687500000,9,21,0.00013774915018818543,1
35612,IT,,191,33,1.5026178010471204,4.2132432827225131,22,32,0.00013703170669762196,1
139473,BD,,191,10,0.99476439790575916230,5.1888538952879581,30,34,0.00013703170669762196,1
30722,IT,,191,41,1.1465968586387435,24.0539413246073298,12,17,0.00013703170669762196,1
2860,PT,,190,22,0.56315789473684210526,3.4550915631578947,9,27,0.00013631426320705850,1
22689,BR,,190,17,1.1789473684210526,2.8698190421052632,29,37,0.00013631426320705850,1
9583,IN,,190,16,2.7578947368421053,6.8533484421052632,42,43,0.00013631426320705850,1
149125,VN,,189,15,2.0370370370370370,4.6841688465608466,35,47,0.00013559681971649503,1
41668,RU,,189,17,1.3015873015873016,3.3677209735449735,30,34,0.00013559681971649503,1
139989,ID,,188,6,1.1542553191489362,3.9119576648936170,14,31,0.00013487937622593156,1
135944,VN,,187,7,1.3048128342245989,4.0010034224598930,20,33,0.00013416193273536810,1
135932,VN,,186,18,0.84408602150537634409,4.3521795322580645,25,42,0.00013344448924480463,1
38071,BD,,185,14,1.1081081081081081,5.0956424054054054,25,32,0.00013272704575424117,1
30988,NG,,185,21,0.98378378378378378378,4.4092040648648649,26,31,0.00013272704575424117,1
134904,IN,,184,14,0.99456521739130434783,3.5997559565217391,28,34,0.00013200960226367770,1
149130,VN,,184,16,0.89130434782608695652,3.6736317826086957,25,31,0.00013200960226367770,1
28126,BR,,184,8,1.1521739130434783,2.7863885706521739,14,30,0.00013200960226367770,1
39812,RU,,184,6,0.00000000000000000000,48.2687814239130435,0,0,0.00013200960226367770,1
131628,TW,,183,19,0.94535519125683060109,22.1369883387978142,16,27,0.00013129215877311424,1
2514,JP,,183,43,0.46448087431693989071,7.8695175628415301,12,24,0.00013129215877311424,1
209024,RU,,182,11,1.1978021978021978,2.8999566043956044,24,31,0.00013057471528255077,1
131378,XX,,182,6,0.45054945054945054945,14.4340993571428571,7,9,0.00013057471528255077,1
5391,HR,,181,14,0.93370165745856353591,4.1187181767955801,19,24,0.00012985727179198730,1
59134,ID,,181,7,0.40883977900552486188,3.0276526740331492,9,21,0.00012985727179198730,1
9123,RU,,181,8,1.1657458563535912,3.1131824806629834,17,33,0.00012985727179198730,1
265949,BR,,181,15,0.58011049723756906077,2.5037665138121547,24,28,0.00012985727179198730,1
59162,IN,,180,15,1.2166666666666667,4.3156209111111111,26,30,0.00012913982830142384,1
198039,RU,,180,18,1.6388888888888889,9.6651816111111111,33,36,0.00012913982830142384,1
134926,IN,,180,16,1.3166666666666667,3.7700240888888889,25,32,0.00012913982830142384,1
140171,IN,,180,15,1.2166666666666667,6.0486726888888889,25,33,0.00012913982830142384,1
150706,HK,,179,9,0.85474860335195530726,4.7930616256983240,10,26,0.00012842238481086037,1
9541,US,,179,6,0.00000000000000000000,12.7488380614525140,0,0,0.00012842238481086037,1
134033,IN,,179,13,1.2905027932960894,4.2286248938547486,33,36,0.00012842238481086037,1
3356,US,,178,10,1.2134831460674157,3.1739987078651685,18,34,0.00012770494132029691,1
18229,KR,,178,7,0.91573033707865168539,3.4502446292134831,15,25,0.00012770494132029691,1
199484,TR,,176,12,1.5454545454545455,2.8465775113636364,31,32,0.00012627005433916998,1
208492,IR,,175,15,0.90285714285714285714,2.9881425200000000,29,46,0.00012555261084860651,1
140917,BD,,175,5,1.0628571428571429,4.0702138685714286,15,27,0.00012555261084860651,1
50340,RU,,175,14,1.4171428571428571,4.1058189371428571,27,29,0.00012555261084860651,1
140527,CN,,175,13,0.26285714285714285714,68.9506037542857143,4,12,0.00012555261084860651,1
268952,BR,,175,17,1.0228571428571429,2.9580751600000000,17,20,0.00012555261084860651,1
44090,IR,,174,14,1.4655172413793103,3.4398535804597701,30,38,0.00012483516735804304,1
269704,BR,,174,1,1.6609195402298851,3.8636662931034483,27,46,0.00012483516735804304,1
749,BD,,173,15,1.7514450867052023,5.7511008497109827,35,48,0.00012411772386747958,1
141140,ID,,172,8,0.00000000000000000000,13.8330628779069767,0,0,0.00012340028037691611,1
6300,US,,171,19,1.2982456140350877,2.9237866959064327,33,76,0.00012268283688635265,1
14956,XX,,171,9,0.94736842105263157895,1.9089752280701754,25,25,0.00012268283688635265,1
54614,CA,,171,7,1.0175438596491228,1.7790897777777778,9,19,0.00012268283688635265,1
211736,SC,,171,29,0.00000000000000000000,2.4980104035087719,0,0,0.00012268283688635265,1
208161,XX,,171,17,0.64912280701754385965,7.4142235614035088,18,25,0.00012268283688635265,1
45235,IN,,170,12,0.00000000000000000000,12.9534961764705882,0,0,0.00012196539339578918,1
58065,GB,,170,5,0.41176470588235294118,2.1028915705882353,6,17,0.00012196539339578918,1
215730,BG,,170,4,0.28235294117647058824,2.3751631764705882,5,16,0.00012196539339578918,1
215925,BG,,170,3,0.01764705882352941176,11.8642623176470588,0,0,0.00012196539339578918,1
12332,RU,,169,11,0.92899408284023668639,4.0235152603550296,18,25,0.00012124794990522571,1
8551,IL,,169,7,0.70414201183431952663,3.4340028698224852,8,16,0.00012124794990522571,1
40065,US,,169,6,0.88757396449704142012,3.0928787100591716,9,25,0.00012124794990522571,1
28753,DE,,168,5,0.42261904761904761905,1.9093194345238095,8,16,0.00012053050641466225,1
203217,IQ,,168,5,0.66071428571428571429,2.6790575773809524,12,29,0.00012053050641466225,1
270646,BR,,168,5,0.63095238095238095238,2.5034014940476190,7,7,0.00012053050641466225,1
140431,ID,,168,14,1.6607142857142857,5.0847334583333333,28,32,0.00012053050641466225,1
197834,AM,,167,18,1.0718562874251497,2.7826425269461078,30,34,0.00011981306292409878,1
42624,US,,167,14,0.42514970059880239521,2.8216267065868263,19,19,0.00011981306292409878,1
37371,XX,,167,9,0.25149700598802395210,5.0295594670658683,3,4,0.00011981306292409878,1
56041,CN,,167,16,0.20359281437125748503,78.5906887305389222,0,0,0.00011981306292409878,1
45544,VN,,166,15,0.96987951807228915663,4.7974401807228916,27,29,0.00011909561943353532,1
56158,VN,,166,5,1.6385542168674699,4.3668095722891566,26,43,0.00011909561943353532,1
20485,RU,,166,10,0.49397590361445783133,4.8271637108433735,9,13,0.00011909561943353532,1
136255,MM,,166,16,1.1867469879518072,7.6405027289156627,22,23,0.00011909561943353532,1
48004,UA,,165,10,0.47878787878787878788,7.5699795212121212,9,20,0.00011837817594297185,1
262210,PE,,165,14,0.93333333333333333333,2.4940782242424242,15,24,0.00011837817594297185,1
12083,US,,165,10,0.00000000000000000000,31.6050164000000000,0,0,0.00011837817594297185,1
64026,ID,,165,11,2.1818181818181818,4.9085608060606061,30,38,0.00011837817594297185,1
208397,RU,,164,9,0.81707317073170731707,3.3234098292682927,10,20,0.00011766073245240839,1
149526,IN,,164,15,1.5426829268292683,4.5718771524390244,32,27,0.00011766073245240839,1
37705,TN,,163,21,1.2147239263803681,5.1736046257668712,19,28,0.00011694328896184492,1
209847,GB,,163,8,1.0429447852760736,2.4087192576687117,19,32,0.00011694328896184492,1
137693,CN,,162,9,0.77777777777777777778,77.4954826975308642,9,13,0.00011622584547128145,1
267339,BR,,162,6,1.7160493827160494,2.9512003518518519,28,25,0.00011622584547128145,1
63199,US,,161,9,0.54037267080745341615,2.7024484844720497,7,14,0.00011550840198071799,1
135597,BD,,160,3,0.99375000000000000000,4.0320193312500000,23,22,0.00011479095849015452,1
270035,CO,,160,6,1.1875000000000000,2.2308680687500000,13,24,0.00011479095849015452,1
31363,RU,,160,26,1.4375000000000000,4.6738945562500000,20,21,0.00011479095849015452,1
9123,XX,,159,8,1.0062893081761006,2.5483368050314465,14,20,0.00011407351499959106,1
14593,XX,,157,4,1.0509554140127389,9.7693376624203822,22,21,0.00011263862801846413,1
30844,GB,,157,35,0.00000000000000000000,16.9678538853503185,0,0,0.00011263862801846413,1
132116,IN,,157,11,0.00000000000000000000,13.8602204649681529,0,0,0.00011263862801846413,1
132787,IN,,157,9,1.3248407643312102,3.9199578853503185,30,38,0.00011263862801846413,1
31200,RU,,157,26,0.56050955414012738854,6.9543699490445860,5,14,0.00011263862801846413,1
262663,BR,,156,9,1.6282051282051282,3.9873520961538462,26,37,0.00011192118452790066,1
134319,IN,,156,13,1.1730769230769231,3.7767206858974359,20,34,0.00011192118452790066,1
17621,CN,,155,10,0.41290322580645161290,51.8580857935483871,4,7,0.00011120374103733719,1
3549,US,,155,21,1.1548387096774194,4.6673105032258065,16,27,0.00011120374103733719,1
18126,JP,,155,18,0.70322580645161290323,6.2976578258064516,8,24,0.00011120374103733719,1
210218,IT,,155,6,1.3612903225806452,2.7146641096774194,20,17,0.00011120374103733719,1
146943,US,,154,2,1.2012987012987013,5.9010661883116883,30,27,0.00011048629754677373,1
26383,US,,154,4,0.83766233766233766234,2.3905970714285714,21,24,0.00011048629754677373,1
55577,IN,,154,16,1.0714285714285714,4.0672366298701299,20,33,0.00011048629754677373,1
132585,HK,,154,12,1.5389610389610390,4.1744154090909091,28,35,0.00011048629754677373,1
2914,US,,154,3,0.92207792207792207792,5.6432355259740260,13,22,0.00011048629754677373,1
136336,IN,,152,5,0.93421052631578947368,3.5717182105263158,13,25,0.00010905141056564680,1
10099,HK,,152,13,0.63815789473684210526,3.0548698750000000,15,19,0.00010905141056564680,1
51396,KN,,152,30,0.03289473684210526316,3.6105053684210526,0,0,0.00010905141056564680,1
138152,ZA,,151,5,0.57615894039735099338,2.7332797019867550,7,19,0.00010833396707508333,1
211056,IR,,151,4,0.74172185430463576159,2.8059819668874172,14,31,0.00010833396707508333,1
141995,XX,,151,5,1.2185430463576159,4.0450097814569536,22,24,0.00010833396707508333,1
138915,HK,,150,10,0.73333333333333333333,5.1247405200000000,13,19,0.00010761652358451987,1
10299,CO,,150,6,1.3733333333333333,2.2648170133333333,17,18,0.00010761652358451987,1
151863,VN,,150,5,1.3866666666666667,4.2364068933333333,16,21,0.00010761652358451987,1
137378,ID,,150,16,0.97333333333333333333,4.3850678133333333,17,21,0.00010761652358451987,1
23470,US,,150,11,0.00000000000000000000,6.2629907466666667,0,0,0.00010761652358451987,1
206011,RU,,149,2,0.00000000000000000000,38.6879258053691275,0,0,0.00010689908009395640,1
48832,JO,,149,11,2.0738255033557047,3.8312197449664430,31,41,0.00010689908009395640,1
19318,US,,148,9,1.5472972972972973,3.6034246554054054,22,34,0.00010618163660339293,1
8560,XX,,148,6,0.93918918918918918919,2.2359899797297297,15,28,0.00010618163660339293,1
147293,HK,,148,10,1.1824324324324324,4.8039074121621622,25,29,0.00010618163660339293,1
153897,IN,,148,3,0.00000000000000000000,19.7081316418918919,0,0,0.00010618163660339293,1
397031,US,,147,6,1.1360544217687075,1.4230751972789116,18,25,0.00010546419311282947,1
137982,MN,,147,16,1.7278911564625850,4.1864493265306122,25,33,0.00010546419311282947,1
55967,CN,,147,10,0.98639455782312925170,3.3968859863945578,20,43,0.00010546419311282947,1
46558,US,,145,16,1.2689655172413793,2.2043609931034483,20,25,0.00010402930613170254,1
14868,BR,,145,7,1.2275862068965517,2.8028438965517241,17,23,0.00010402930613170254,1
38283,CN,,145,11,0.46206896551724137931,47.3745822620689655,5,14,0.00010402930613170254,1
16135,TR,,144,81,0.02777777777777777778,26.1394997500000000,2,0,0.00010331186264113907,1
41727,RU,,144,8,1.0277777777777778,3.0926476736111111,10,17,0.00010331186264113907,1
46887,US,,143,11,0.71328671328671328671,1.5631717762237762,9,11,0.00010259441915057560,1
149111,XX,,142,4,0.89436619718309859155,3.6298164647887324,11,20,0.00010187697566001214,1
19037,AR,,142,11,0.80281690140845070423,3.2223174436619718,8,14,0.00010187697566001214,1
9848,KR,,142,7,1.4225352112676056,3.5081404577464789,19,22,0.00010187697566001214,1
268137,BR,,142,4,1.3098591549295775,2.7712813873239437,15,24,0.00010187697566001214,1
131761,ID,,141,3,1.4893617021276596,5.2682443900709220,29,27,0.00010115953216944867,1
37098,MW,,141,5,0.87943262411347517730,5.7886502765957447,10,12,0.00010115953216944867,1
135310,BD,,141,14,0.78723404255319148936,4.1349568226950355,15,35,0.00010115953216944867,1
28598,BR,,141,8,1.4255319148936170,2.5112248936170213,28,27,0.00010115953216944867,1
262434,BR,,141,4,0.78014184397163120567,2.4039962978723404,5,25,0.00010115953216944867,1
47895,RU,,141,9,1.3687943262411348,3.0405873546099291,15,25,0.00010115953216944867,1
48161,RO,,141,42,1.6453900709219858,12.7613474326241135,22,29,0.00010115953216944867,1
28201,BR,,140,2,2.2357142857142857,3.3404386642857143,32,78,0.00010044208867888521,1
37468,AO,,140,4,0.75714285714285714286,2.3400946500000000,7,10,0.00010044208867888521,1
216127,XX,,140,10,0.84285714285714285714,2.3950651714285714,11,19,0.00010044208867888521,1
262459,BR,,139,4,0.60431654676258992806,2.4974046258992806,6,14,0.000099724645188321741838,1
133982,IN,,139,6,1.7625899280575540,4.7728047194244604,22,17,0.000099724645188321741838,1
55430,SG,,139,26,1.1942446043165468,8.6257200791366906,13,15,0.000099724645188321741838,1
35847,US,,139,1,0.00000000000000000000,30.9748947194244604,0,0,0.000099724645188321741838,1
204203,IR,,138,4,0.60869565217391304348,3.5044165652173913,6,9,0.000099007201697758276069,1
135967,VN,,137,12,0.96350364963503649635,4.9652735766423358,18,22,0.000098289758207194810301,1
140417,ID,,137,16,1.1240875912408759,8.0244116715328467,18,25,0.000098289758207194810301,1
216054,XX,,136,9,0.94117647058823529412,3.4078391323529412,17,15,0.000097572314716631344532,1
11290,CA,,136,8,0.16176470588235294118,2.3918136911764706,1,5,0.000097572314716631344532,1
10010,JP,,136,22,0.82352941176470588235,5.7616534632352941,17,16,0.000097572314716631344532,1
48753,MD,,136,5,0.89705882352941176471,3.0773421617647059,11,11,0.000097572314716631344532,1
215439,XX,,135,4,0.58518518518518518519,2.4651969555555556,17,16,0.000096854871226067878764,1
134420,CN,,135,9,0.31111111111111111111,45.4194246666666667,3,6,0.000096854871226067878764,1
36007,US,,135,11,0.76296296296296296296,2.0974543333333333,17,22,0.000096854871226067878764,1
680,DE,,135,15,0.00000000000000000000,9.4534148000000000,0,0,0.000096854871226067878764,1
25490,RU,,135,12,0.54074074074074074074,3.0987909037037037,6,9,0.000096854871226067878764,1
141356,HK,,134,4,0.95522388059701492537,3.4071468283582090,8,12,0.000096137427735504412995,1
16629,CL,,133,19,0.90225563909774436090,2.7288603233082707,9,21,0.000095419984244940947226,1
60077,IR,,133,11,2.2481203007518797,5.9282220902255639,26,28,0.000095419984244940947226,1
142341,ID,,133,11,0.68421052631578947368,3.6732275864661654,21,34,0.000095419984244940947226,1
16276,XX,,133,5,0.35338345864661654135,1.8201187744360902,3,10,0.000095419984244940947226,1
44709,IL,,132,12,0.86363636363636363636,3.3121181893939394,16,22,0.000094702540754377481458,1
213877,XX,,132,5,0.65151515151515151515,2.1338859621212121,8,20,0.000094702540754377481458,1
2119,NO,,131,29,0.91603053435114503817,5.2684377938931298,13,10,0.000093985097263814015689,1
397283,US,,131,7,0.79389312977099236641,2.1518944427480916,19,20,0.000093985097263814015689,1
41745,XX,,131,4,0.64885496183206106870,2.0975615190839695,8,16,0.000093985097263814015689,1
36943,ZA,,130,18,1.1000000000000000,7.1665504846153846,21,30,0.000093267653773250549920,1
8717,BG,,130,17,1.1076923076923077,3.4691298076923077,12,17,0.000093267653773250549920,1
197695,RU,,130,11,1.6000000000000000,2.8363796461538462,14,44,0.000093267653773250549920,1
131740,ID,,130,8,0.76153846153846153846,3.3425255538461538,14,37,0.000093267653773250549920,1
152705,HK,,129,10,0.86046511627906976744,3.5744281550387597,21,27,0.000092550210282687084152,1
206804,EE,,129,4,0.95348837209302325581,9.4763042713178295,13,13,0.000092550210282687084152,1
133524,MM,,129,5,0.62015503875968992248,10.2492023565891473,8,11,0.000092550210282687084152,1
202660,IE,,129,3,0.68217054263565891473,3.2457318759689922,4,20,0.000092550210282687084152,1
16284,NG,,128,3,0.70312500000000000000,4.2722570546875000,4,20,0.000091832766792123618383,1
24088,VN,,128,4,0.62500000000000000000,3.5684180156250000,8,11,0.000091832766792123618383,1
38136,HK,,127,4,1.7795275590551181,3.6822256692913386,19,24,0.000091115323301560152615,1
202269,AM,,127,3,1.6771653543307087,2.5698006220472441,19,35,0.000091115323301560152615,1
146932,IN,,127,3,0.48818897637795275591,2.9148706062992126,5,7,0.000091115323301560152615,1
135872,IN,,124,1,0.00000000000000000000,16.0601958790322581,0,0,0.000088962992829869755309,1
64123,AR,,124,4,1.1048387096774194,2.7528217258064516,22,21,0.000088962992829869755309,1
3,US,,124,1,0.68548387096774193548,1.2289384516129032,22,66,0.000088962992829869755309,1
42548,RU,,123,13,1.6585365853658537,3.2110091788617886,21,21,0.000088245549339306289540,1
131601,TW,,123,4,1.1869918699186992,3.8979795203252033,11,20,0.000088245549339306289540,1
135761,IN,,123,8,0.00000000000000000000,13.4010196585365854,0,0,0.000088245549339306289540,1
1257,EU,,123,79,0.41463414634146341463,14.7355706991869919,0,0,0.000088245549339306289540,1
5089,GB,,122,60,0.74590163934426229508,24.7893235245901639,5,2,0.000087528105848742823771,1
150436,JP,,122,5,0.33606557377049180328,3.8715450000000000,4,5,0.000087528105848742823771,1
29119,ES,,122,5,0.69672131147540983607,2.5437320163934426,8,17,0.000087528105848742823771,1
139659,HK,,122,4,0.50819672131147540984,3.1177311721311475,20,20,0.000087528105848742823771,1
266623,BR,,121,9,1.0661157024793388,2.4843545950413223,21,31,0.000086810662358179358003,1
269237,BR,,121,6,1.0991735537190083,4.2121559421487603,11,15,0.000086810662358179358003,1
31042,RS,,121,9,0.34710743801652892562,2.5871612231404959,3,7,0.000086810662358179358003,1
18049,TW,,121,48,0.47933884297520661157,31.7295797024793388,3,0,0.000086810662358179358003,1
9230,BD,,119,12,1.7899159663865546,6.8950361344537815,19,16,0.000085375775377052426466,1
265523,MX,,119,8,1.7899159663865546,2.1808213361344538,21,18,0.000085375775377052426466,1
17816,CN,,119,9,0.32773109243697478992,44.6640771092436975,2,4,0.000085375775377052426466,1
134040,IN,,119,4,2.2268907563025210,5.3132605378151261,27,63,0.000085375775377052426466,1
56971,IR,,119,4,1.0420168067226891,4.6994750924369748,10,20,0.000085375775377052426466,1
47583,XX,,119,13,2.3025210084033613,4.2666727815126050,27,27,0.000085375775377052426466,1
215590,XX,,118,10,1.0423728813559322,2.2432212711864407,16,27,0.000084658331886488960697,1
272122,VE,,118,11,1.7372881355932203,2.3972974406779661,21,27,0.000084658331886488960697,1
63760,VN,,118,7,0.61016949152542372881,3.5429201525423729,10,17,0.000084658331886488960697,1
4657,SG,,118,14,1.3474576271186441,8.7295260338983051,10,16,0.000084658331886488960697,1
25549,RU,,118,9,0.78813559322033898305,3.6107809491525424,20,33,0.000084658331886488960697,1
20746,IT,,118,6,0.90677966101694915254,2.1982182542372881,9,14,0.000084658331886488960697,1
135799,IN,,118,6,0.00000000000000000000,13.0076608983050847,0,0,0.000084658331886488960697,1
28146,BR,,117,10,1.8717948717948718,4.0092033504273504,17,13,0.000083940888395925494928,1
51088,NL,,116,1,0.00000000000000000000,1.4733183362068966,0,0,0.000083223444905362029160,1
197540,DE,,116,7,0.83620689655172413793,2.4795150517241379,15,16,0.000083223444905362029160,1
149687,ID,,116,3,1.0344827586206897,13.5007143534482759,17,15,0.000083223444905362029160,1
19527,US,,116,4,0.30172413793103448276,4.6046231034482759,7,14,0.000083223444905362029160,1
214922,XX,,115,9,0.66086956521739130435,2.7559268086956522,8,16,0.000082506001414798563391,1
15924,TR,,115,10,0.58260869565217391304,12.2407635739130435,20,20,0.000082506001414798563391,1
16591,US,,115,23,0.47826086956521739130,38.6023126434782609,2,0,0.000082506001414798563391,1
58212,DE,,115,4,2.0956521739130435,3.4124878608695652,19,42,0.000082506001414798563391,1
62240,XX,,115,4,1.3043478260869565,2.2076516434782609,9,23,0.000082506001414798563391,1
202425,SC,,115,50,0.06086956521739130435,6.4771903565217391,0,0,0.000082506001414798563391,1
214922,IR,,115,12,1.1478260869565217,3.0231699217391304,14,25,0.000082506001414798563391,1
6866,CY,,114,15,0.72807017543859649123,3.1739574122807018,15,20,0.000081788557924235097623,1
20001,US,,114,59,0.03508771929824561404,15.4098490964912281,0,0,0.000081788557924235097623,1
208131,IQ,,114,5,1.4561403508771930,3.2365879736842105,16,19,0.000081788557924235097623,1
24086,VN,,114,24,0.00000000000000000000,16.7436859736842105,0,0,0.000081788557924235097623,1
43581,RU,,113,4,1.6991150442477876,3.2847166725663717,22,21,0.000081071114433671631854,1
55293,US,,113,2,0.96460176991150442478,3.7754660796460177,8,30,0.000081071114433671631854,1
51112,RU,,113,10,1.4690265486725664,3.1668609823008850,24,24,0.000081071114433671631854,1
131090,TH,,112,55,0.37500000000000000000,14.3331401875000000,3,4,0.000080353670943108166085,1
327764,SO,,112,3,0.80357142857142857143,2.9544346964285714,8,12,0.000080353670943108166085,1
206205,IT,,112,1,0.00000000000000000000,1.5154140357142857,0,0,0.000080353670943108166085,1
135951,VN,,112,5,0.37500000000000000000,4.7277461071428571,3,4,0.000080353670943108166085,1
3326,UA,,112,7,0.62500000000000000000,2.3669919910714286,6,9,0.000080353670943108166085,1
5413,GB,,111,14,0.99099099099099099099,3.7620315495495495,18,26,0.000079636227452544700317,1
3303,CH,,111,10,1.7747747747747748,2.6847000540540541,20,23,0.000079636227452544700317,1
210644,XX,,111,5,0.97297297297297297297,2.0773390540540541,6,19,0.000079636227452544700317,1
28665,BR,,111,9,1.0180180180180180,2.8045834054054054,11,20,0.000079636227452544700317,1
35042,DE,,110,16,0.00000000000000000000,15.7802988636363636,0,0,0.000078918783961981234548,1
21859,US,,109,10,0.39449541284403669725,2.2993244036697248,3,6,0.000078201340471417768779,1
31655,GB,,109,11,0.36697247706422018349,9.2651233944954128,4,9,0.000078201340471417768779,1
17639,PH,,109,8,0.75229357798165137615,3.8200944128440367,7,6,0.000078201340471417768779,1
136065,ID,,109,5,1.3944954128440367,4.0286695596330275,13,28,0.000078201340471417768779,1
401701,HK,,108,3,1.1296296296296296,3.4424610555555556,11,9,0.000077483896980854303011,1
35091,IL,,108,11,0.77777777777777777778,4.7136142962962963,15,22,0.000077483896980854303011,1
37680,ZA,,108,3,0.58333333333333333333,2.4278913148148148,7,12,0.000077483896980854303011,1
3269,IN,,108,9,0.93518518518518518519,3.7230421481481481,18,18,0.000077483896980854303011,1
45820,XX,,107,4,1.1775700934579439,4.4810249906542056,9,20,0.000076766453490290837242,1
138195,KR,,107,5,0.48598130841121495327,4.2538675700934579,12,13,0.000076766453490290837242,1
36352,XX,,107,4,0.74766355140186915888,1.7203114485981308,8,7,0.000076766453490290837242,1
210644,GB,,107,4,0.57943925233644859813,1.9858086168224299,5,7,0.000076766453490290837242,1
55947,IN,,107,5,0.00000000000000000000,17.7843082990654206,0,0,0.000076766453490290837242,1
51074,IR,,107,6,0.51401869158878504673,2.6813410186915888,12,15,0.000076766453490290837242,1
17421,TW,,106,41,0.53773584905660377358,13.3363870377358491,2,2,0.000076049009999727371474,1
210006,GB,,106,1,0.00000000000000000000,1.7659903584905660,0,0,0.000076049009999727371474,1
202520,PL,,106,5,0.85849056603773584906,21.6068617735849057,8,14,0.000076049009999727371474,1
48721,PA,,106,17,0.00000000000000000000,0.08563336792452830189,0,0,0.000076049009999727371474,1
152978,XX,,106,5,0.90566037735849056604,3.7189550377358491,10,24,0.000076049009999727371474,1
262590,BR,,106,8,1.0094339622641509,2.6790223018867925,12,17,0.000076049009999727371474,1
197984,XX,,105,3,0.40000000000000000000,3.0717233809523810,3,2,0.000075331566509163905705,1
53363,CA,,105,5,0.89523809523809523810,1.8715348571428571,11,22,0.000075331566509163905705,1
44486,DE,,105,10,1.6571428571428571,3.0161949523809524,17,15,0.000075331566509163905705,1
48287,RU,,105,3,0.78095238095238095238,2.3725260476190476,7,9,0.000075331566509163905705,1
35179,PL,,105,4,0.65714285714285714286,2.1606852000000000,4,11,0.000075331566509163905705,1
4818,MY,,105,29,0.12380952380952380952,4.8967694761904762,0,0,0.000075331566509163905705,1
271103,BR,,105,12,1.7142857142857143,2.8220090476190476,19,29,0.000075331566509163905705,1
263920,BR,,104,8,0.68269230769230769231,2.2977371442307692,11,18,0.000074614123018600439936,1
139456,XX,,103,14,0.88349514563106796117,5.1075325436893204,14,15,0.000073896679528036974168,1
398705,US,,103,24,0.00000000000000000000,9.6658895631067961,0,0,0.000073896679528036974168,1
202306,GB,,103,1,0.00000000000000000000,2.1212915922330097,0,0,0.000073896679528036974168,1
273007,US,,103,3,0.45631067961165048544,1.7440663883495146,3,6,0.000073896679528036974168,1
44034,SE,,103,58,0.00000000000000000000,15.1177287475728155,0,0,0.000073896679528036974168,1
270364,BR,,101,3,0.83168316831683168317,2.5490976336633663,6,20,0.000072461792546910042630,1
3816,XX,,101,5,0.65346534653465346535,1.9340608613861386,3,7,0.000072461792546910042630,1
33915,NL,,101,32,1.0693069306930693,7.4881981683168317,6,13,0.000072461792546910042630,1
213412,FR,,101,23,0.00000000000000000000,2.8201741584158416,0,0,0.000072461792546910042630,1
35645,RU,,100,8,0.00000000000000000000,16.6421132800000000,0,0,0.000071744349056346576862,1
37693,TN,,100,4,0.86000000000000000000,2.3732765600000000,5,12,0.000071744349056346576862,1
199785,US,,100,6,1.0800000000000000,4.4831999400000000,7,17,0.000071744349056346576862,1
53808,US,,100,8,1.1600000000000000,3.7786029300000000,20,19,0.000071744349056346576862,1
47216,IR,,100,10,0.87000000000000000000,2.9887692900000000,18,38,0.000071744349056346576862,1
22205,US,,99,2,0.50505050505050505051,1.7306443636363636,4,20,0.000071026905565783111093,1
138718,IN,,99,4,1.0303030303030303,3.9732164949494949,9,9,0.000071026905565783111093,1
174,US,,99,24,1.2828282828282828,4.8328873737373737,12,20,0.000071026905565783111093,1
211298,GB,,99,54,0.00000000000000000000,1.4339618686868687,0,0,0.000071026905565783111093,1
53222,BR,,98,3,0.02040816326530612245,9.7728048571428571,0,0,0.000070309462075219645325,1
25198,RO,,98,2,0.87755102040816326531,2.2993505918367347,5,8,0.000070309462075219645325,1
61112,US,,98,15,1.6734693877551020,9.4187262040816327,17,17,0.000070309462075219645325,1
50597,IQ,,98,3,0.67346938775510204082,2.9524572653061224,3,15,0.000070309462075219645325,1
25106,BY,,98,12,0.63265306122448979592,2.5286825000000000,16,23,0.000070309462075219645325,1
8449,KG,,97,13,1.0309278350515464,3.6759490927835052,14,22,0.000069592018584656179556,1
4685,JP,,97,34,0.45360824742268041237,10.0639021340206186,2,5,0.000069592018584656179556,1
3215,FR,,97,41,0.56701030927835051546,26.0947472886597938,2,0,0.000069592018584656179556,1
63859,ID,,97,7,0.71134020618556701031,11.0014235567010309,5,14,0.000069592018584656179556,1
34602,RU,,97,3,0.45360824742268041237,2.8251328969072165,2,10,0.000069592018584656179556,1
209554,US,,97,2,0.68041237113402061856,3.0704491855670103,3,8,0.000069592018584656179556,1
4755,IN,,96,3,0.62500000000000000000,2.9324274375000000,6,6,0.000068874575094092713787,1
398991,BR,,96,3,0.22916666666666666667,2.0842770000000000,1,5,0.000068874575094092713787,1
55862,IN,,96,7,1.0729166666666667,5.3096130625000000,14,15,0.000068874575094092713787,1
62904,US,,96,9,1.00000000000000000000,2.0962441041666667,14,15,0.000068874575094092713787,1
199785,AZ,,95,7,2.4315789473684211,2.8430186631578947,17,43,0.000068157131603529248019,1
49581,DE,,95,4,1.5157894736842105,3.2379361894736842,12,14,0.000068157131603529248019,1
55720,CI,,95,4,1.1368421052631579,3.4868004736842105,6,11,0.000068157131603529248019,1
271860,PE,,94,10,0.72340425531914893617,3.4879251595744681,10,13,0.000067439688112965782250,1
140456,ID,,94,4,1.7234042553191489,5.0104172234042553,15,29,0.000067439688112965782250,1
38794,TH,,94,6,0.76595744680851063830,3.7872550212765957,10,18,0.000067439688112965782250,1
23106,BR,,94,3,0.50000000000000000000,2.4244342978723404,3,13,0.000067439688112965782250,1
266092,BR,,94,5,0.47872340425531914894,2.2519173617021277,4,7,0.000067439688112965782250,1
211298,TR,,93,56,0.00000000000000000000,1.5928991720430108,0,0,0.000066722244622402316482,1
24429,XX,,93,4,0.34408602150537634409,3.8762059139784946,3,7,0.000066722244622402316482,1
13378,HK,,93,3,0.49462365591397849462,3.4195068817204301,6,12,0.000066722244622402316482,1
24940,IR,,92,3,0.90217391304347826087,2.1584667826086957,9,17,0.000066004801131838850713,1
214943,DE,,92,25,0.61956521739130434783,34.0555519782608696,91,32,0.000066004801131838850713,1
35141,BG,,92,3,0.93478260869565217391,2.3708338260869565,5,16,0.000066004801131838850713,1
136565,TH,,92,3,0.00000000000000000000,2.5687027173913043,0,0,0.000066004801131838850713,1
35790,SE,,91,4,0.00000000000000000000,10.7454337912087912,0,0,0.000065287357641275384944,1
329103,NE,,91,3,0.28571428571428571429,2.6735987142857143,4,7,0.000065287357641275384944,1
58504,NP,,91,7,0.53846153846153846154,3.5908173626373626,10,19,0.000065287357641275384944,1
38264,PK,,90,12,0.22222222222222222222,8.5349450111111111,2,1,0.000064569914150711919176,1
135766,IN,,90,2,0.00000000000000000000,17.3832792444444444,0,0,0.000064569914150711919176,1
27947,EC,,90,14,0.74444444444444444444,4.2798274222222222,8,18,0.000064569914150711919176,1
140726,CN,,90,3,0.46666666666666666667,32.7636009222222222,3,9,0.000064569914150711919176,1
198983,US,,90,7,1.5777777777777778,2.9213034000000000,19,17,0.000064569914150711919176,1
4775,PH,,89,7,1.2022471910112360,3.7227313033707865,17,19,0.000063852470660148453407,1
147314,BD,,88,3,1.6590909090909091,4.3439213750000000,11,15,0.000063135027169584987638,1
57026,RU,,88,2,0.04545454545454545455,2.1452845568181818,0,0,0.000063135027169584987638,1
212512,HK,,88,26,0.00000000000000000000,0.31766121590909090909,0,0,0.000063135027169584987638,1
23679,US,,87,3,2.3563218390804598,4.9808417931034483,18,14,0.000062417583679021521870,1
12735,TR,,87,13,0.75862068965517241379,3.0182281839080460,5,12,0.000062417583679021521870,1
21499,XX,,85,6,1.2352941176470588,2.3314804705882353,13,11,0.000060982696697894590333,1
327984,ZA,,85,9,0.95294117647058823529,3.7627534352941176,16,18,0.000060982696697894590333,1
271907,VE,,85,9,0.00000000000000000000,19.1386476588235294,0,0,0.000060982696697894590333,1
263077,BR,,85,2,0.00000000000000000000,1.7048133529411765,0,0,0.000060982696697894590333,1
136873,ID,,84,3,1.0476190476190476,3.6279337619047619,4,6,0.000060265253207331124564,1
28343,BR,,84,7,1.2380952380952381,4.0662013928571429,8,7,0.000060265253207331124564,1
214567,IR,,84,3,0.50000000000000000000,2.5167264166666667,3,4,0.000060265253207331124564,1
18109,BD,,84,4,0.95238095238095238095,3.8303292500000000,8,10,0.000060265253207331124564,1
266114,BR,,84,7,1.8928571428571429,3.3502892619047619,17,18,0.000060265253207331124564,1
36905,CM,,84,3,1.6904761904761905,3.6878128690476190,13,26,0.000060265253207331124564,1
200590,KZ,,84,7,0.75000000000000000000,3.5860459523809524,5,10,0.000060265253207331124564,1
215540,GB,,84,7,1.2142857142857143,8.5345710833333333,9,19,0.000060265253207331124564,1
25019,SA,,83,15,1.8433734939759036,4.9616791927710843,14,14,0.000059547809716767658795,1
209836,IR,,83,4,1.0722891566265060,3.7670978554216867,4,12,0.000059547809716767658795,1
8342,RU,,83,3,0.49397590361445783133,2.0836326144578313,4,4,0.000059547809716767658795,1
60223,XX,,83,6,1.4096385542168675,2.7735051807228916,9,9,0.000059547809716767658795,1
328939,UG,,82,3,1.0487804878048780,3.4756015000000000,5,15,0.000058830366226204193027,1
200651,SC,,82,11,1.5853658536585366,3.3273254268292683,7,16,0.000058830366226204193027,1
9678,TW,,82,2,1.5609756097560976,3.7189518170731707,8,11,0.000058830366226204193027,1
266594,BR,,81,2,1.0123456790123457,2.5404865555555556,7,11,0.000058112922735640727258,1
33991,RU,,81,10,0.85185185185185185185,10.4809046666666667,12,24,0.000058112922735640727258,1
270384,BR,,81,2,1.7777777777777778,3.6930399012345679,12,25,0.000058112922735640727258,1
58965,IN,,81,9,0.00000000000000000000,12.7483645802469136,0,0,0.000058112922735640727258,1
213960,IR,,81,3,0.81481481481481481481,2.7441044320987654,3,15,0.000058112922735640727258,1
4230,BR,,81,17,0.58024691358024691358,9.3659871234567901,5,15,0.000058112922735640727258,1
137905,LA,,81,13,0.91358024691358024691,3.8264906666666667,9,16,0.000058112922735640727258,1
149089,VN,,81,2,0.43209876543209876543,3.1360938641975309,7,22,0.000058112922735640727258,1
25227,RU,,81,9,0.51851851851851851852,4.5610188024691358,3,4,0.000058112922735640727258,1
9443,AU,,81,12,0.16049382716049382716,30.3651592716049383,0,0,0.000058112922735640727258,1
133001,IN,,80,4,0.00000000000000000000,15.8727452500000000,0,0,0.000057395479245077261489,1
21859,XX,,80,26,0.07500000000000000000,3.5844300500000000,0,0,0.000057395479245077261489,1
61112,KR,,80,3,1.1500000000000000,15.8674412625000000,7,14,0.000057395479245077261489,1
31148,UA,,80,6,0.00000000000000000000,12.9176234375000000,0,0,0.000057395479245077261489,1
138950,CN,,80,8,0.50000000000000000000,78.1594966000000000,4,6,0.000057395479245077261489,1
23688,BD,,80,7,1.5750000000000000,5.7892039375000000,10,12,0.000057395479245077261489,1
206888,HK,,80,3,0.71250000000000000000,2.5222066750000000,8,13,0.000057395479245077261489,1
45634,SG,,80,8,1.9875000000000000,3.9547855250000000,17,19,0.000057395479245077261489,1
207713,GB,,80,3,1.3250000000000000,2.8920086000000000,7,17,0.000057395479245077261489,1
213877,GB,,80,2,0.85000000000000000000,2.1072499625000000,7,14,0.000057395479245077261489,1
6057,UY,,79,44,2.6455696202531646,28.8252960886075949,8,9,0.000056678035754513795721,1
52765,BR,,79,3,0.39240506329113924051,3.4858935063291139,4,14,0.000056678035754513795721,1
210976,PL,,79,3,0.55696202531645569620,2.0972430126582278,2,10,0.000056678035754513795721,1
140766,VN,,78,4,0.33333333333333333333,3.1560411923076923,4,4,0.000055960592263950329952,1
53062,BR,,78,3,0.65384615384615384615,2.8254009487179487,6,10,0.000055960592263950329952,1
9009,XX,,78,6,1.0512820512820513,3.8927139615384615,7,11,0.000055960592263950329952,1
38661,KR,,78,4,0.92307692307692307692,3.1914628461538462,5,10,0.000055960592263950329952,1
8487,FR,,78,2,1.5641025641025641,2.9640080256410256,14,14,0.000055960592263950329952,1
12849,IL,,78,12,0.79487179487179487179,4.1305725384615385,5,6,0.000055960592263950329952,1
12400,IL,,77,39,0.00000000000000000000,34.3172694155844156,0,0,0.000055243148773386864184,1
63859,XX,,76,3,0.55263157894736842105,3.1423613157894737,3,4,0.000054525705282823398415,1
149897,ID,,76,2,0.81578947368421052632,3.3789559078947368,5,12,0.000054525705282823398415,1
6181,US,,76,9,0.26315789473684210526,4.5944380000000000,2,2,0.000054525705282823398415,1
7738,BR,,76,19,1.0921052631578947,4.3791544868421053,9,13,0.000054525705282823398415,1
205277,AM,,76,3,0.55263157894736842105,2.6911902500000000,3,6,0.000054525705282823398415,1
214996,XX,,76,4,1.2236842105263158,2.3037313684210526,7,19,0.000054525705282823398415,1
5378,GB,,76,3,0.00000000000000000000,30.0893105789473684,0,0,0.000054525705282823398415,1
265691,PE,,75,3,0.82666666666666666667,2.1940330666666667,5,10,0.000053808261792259932646,1
37123,ZW,,75,8,2.4933333333333333,6.5878532800000000,15,17,0.000053808261792259932646,1
37148,NG,,75,2,0.29333333333333333333,2.4275516000000000,1,5,0.000053808261792259932646,1
271039,BR,,75,3,1.0400000000000000,2.7211502400000000,12,26,0.000053808261792259932646,1
63139,XX,,75,2,0.26666666666666666667,3.2197871866666667,2,4,0.000053808261792259932646,1
59134,US,,75,4,1.1600000000000000,3.6501045200000000,7,15,0.000053808261792259932646,1
267837,PY,,75,3,0.85333333333333333333,2.5303388266666667,4,7,0.000053808261792259932646,1
46475,US,,75,5,1.2400000000000000,2.1361151733333333,9,20,0.000053808261792259932646,1
133296,XX,,75,6,1.8133333333333333,4.7272992000000000,12,22,0.000053808261792259932646,1
263626,BR,,75,2,1.1600000000000000,2.5690978800000000,7,13,0.000053808261792259932646,1
396073,RO,,75,1,0.85333333333333333333,2.2802393200000000,4,3,0.000053808261792259932646,1
52368,CL,,74,2,0.86486486486486486486,2.5887181216216216,4,15,0.000053090818301696466878,1
979,US,,74,3,0.60810810810810810811,10.1606633513513514,5,9,0.000053090818301696466878,1
29550,GB,,74,2,1.1081081081081081,2.0589963648648649,7,7,0.000053090818301696466878,1
7235,US,,74,2,2.8513513513513514,2.4364030540540541,17,33,0.000053090818301696466878,1
150297,LA,,74,3,1.0810810810810811,3.8965760945945946,8,7,0.000053090818301696466878,1
211680,PT,,73,28,0.12328767123287671233,3.4285880136986301,0,0,0.000052373374811133001109,1
57354,RU,,73,2,1.7534246575342466,3.1659729726027397,8,21,0.000052373374811133001109,1
141998,CN,,73,3,0.30136986301369863014,90.6561814246575342,1,4,0.000052373374811133001109,1
141892,XX,,73,3,0.35616438356164383562,3.3128333287671233,4,8,0.000052373374811133001109,1
328224,GH,,73,2,0.35616438356164383562,2.8381011643835616,4,11,0.000052373374811133001109,1
209711,TR,,73,2,1.4246575342465753,2.7947735068493151,8,13,0.000052373374811133001109,1
